User_ID,Food_ID,Rating
1,46,3
1,88,4
1,25,4
1,24,5
1,143,6
1,175,6
1,199,10
1,174,8
1,196,4
1,185,1
1,183,1
1,174,5
1,185,7
1,185,10
1,192,10
1,200,1
1,181,8
1,176,8
1,198,5
1,181,4
1,205,6
1,177,4
1,202,1
1,219,6
1,189,10
1,224,10
1,173,8
1,193,10
1,210,10
1,225,1
1,208,7
1,181,7
1,216,6
1,190,4
1,212,1
1,209,8
1,206,6
1,189,2
1,199,10
1,188,3
1,215,1
1,213,10
1,174,3
1,173,7
1,207,2
1,169,6
1,175,8
1,221,1
1,184,8
1,197,9
1,168,1
1,211,7
1,188,9
1,184,1
1,176,5
1,224,6
1,215,6
1,169,1
1,211,5
1,187,5
1,212,7
1,172,6
1,191,9
1,170,9
1,191,1
1,168,8
1,197,4
1,189,9
1,228,8
1,179,6
1,197,3
1,207,4
1,217,6
1,204,7
2,49,1
2,33,8
2,71,8
2,106,9
2,175,2
2,178,6
2,212,1
2,203,1
2,158,8
2,173,7
2,204,1
2,221,6
2,173,4
2,183,3
2,192,4
2,174,1
2,186,7
2,189,2
2,216,4
2,208,4
2,208,10
2,228,3
2,217,7
2,228,6
2,187,7
2,202,7
2,184,4
2,218,9
2,198,10
2,193,9
2,213,9
2,210,5
2,196,3
2,175,2
2,173,7
2,207,7
2,219,9
2,167,4
2,173,8
2,168,7
2,173,2
2,185,10
2,177,8
2,222,1
2,199,8
2,212,1
2,227,5
2,180,5
2,219,7
2,204,4
2,169,9
2,213,10
2,210,3
2,194,1
2,212,9
2,183,10
2,180,10
2,226,1
2,191,3
2,226,8
2,214,10
2,221,5
2,197,6
2,201,1
2,210,8
2,225,4
2,198,1
2,172,1
2,208,9
2,209,4
2,216,9
2,167,10
2,192,6
2,179,6
2,178,4
2,174,7
2,220,2
2,203,7
3,46,2
3,65,3
3,73,9
3,110,10
3,213,5
3,183,2
3,217,10
3,187,8
3,206,10
3,181,8
3,222,4
3,200,2
3,223,8
3,213,3
3,195,3
3,182,5
3,181,1
3,206,7
3,226,10
3,198,10
3,183,2
3,178,1
3,201,2
3,187,10
3,191,7
3,197,1
3,198,7
3,182,2
3,198,3
3,226,4
3,223,9
3,222,7
3,194,2
3,211,2
3,213,10
3,226,8
3,177,5
3,180,9
3,168,5
3,191,2
3,202,5
3,220,9
3,228,10
3,199,1
3,196,3
3,203,2
3,198,1
3,183,10
3,192,5
3,218,4
3,172,7
3,218,3
3,208,7
3,208,8
3,219,1
3,209,5
3,189,9
3,187,9
3,190,5
3,203,6
3,197,8
3,224,2
3,191,10
3,174,10
3,208,2
3,176,4
3,221,9
3,184,1
3,221,1
3,192,8
3,220,1
3,211,6
3,175,10
3,211,5
3,228,6
3,200,8
4,21,1
4,14,5
4,141,5
4,128,6
4,156,10
4,171,8
4,142,1
4,176,1
4,147,4
4,195,10
4,223,6
4,195,9
4,227,7
4,206,5
4,202,10
4,203,6
4,187,8
4,224,5
4,212,4
4,201,7
4,170,9
4,202,9
4,222,8
4,170,7
4,168,6
4,224,10
4,188,2
4,198,6
4,207,1
4,214,8
4,209,5
4,211,7
4,204,7
4,202,6
4,199,9
4,210,7
4,212,9
4,220,1
4,191,10
4,172,8
4,213,7
4,213,1
4,206,8
4,186,3
4,190,2
4,220,8
4,212,2
4,179,4
4,174,3
4,226,8
4,177,10
4,199,6
4,172,7
4,177,3
4,184,6
4,212,6
4,175,6
4,227,6
4,215,6
4,168,2
4,211,6
4,216,10
4,225,2
4,223,1
5,64,2
5,8,6
5,27,6
5,52,9
5,175,4
5,145,8
5,163,7
5,217,10
5,202,3
5,153,9
5,176,7
5,192,3
5,209,1
5,225,4
5,223,3
5,196,4
5,208,8
5,225,2
5,187,10
5,191,2
5,222,2
5,183,1
5,192,1
5,181,10
5,183,7
5,198,1
5,201,8
5,226,2
5,200,5
5,215,4
5,203,3
5,187,3
5,178,2
5,205,10
5,226,5
5,199,7
5,175,1
5,207,6
5,190,7
5,224,7
5,211,3
5,169,8
5,208,4
5,209,3
5,225,10
5,212,7
5,168,2
5,218,4
5,177,2
5,179,1
5,208,2
5,190,5
5,202,2
5,203,1
5,177,1
5,171,8
5,222,5
5,182,4
5,185,5
5,205,7
5,189,1
5,215,2
5,221,6
5,226,7
5,223,7
5,220,10
5,206,4
5,184,2
6,22,5
6,216,8
6,178,8
6,194,8
6,224,7
6,207,5
6,224,8
6,220,4
6,183,6
6,190,7
6,175,3
6,217,1
6,210,9
6,213,5
6,206,7
6,224,5
6,217,3
6,209,7
6,168,3
6,225,9
6,185,6
6,219,2
6,185,5
6,227,4
6,198,8
6,170,7
6,222,3
6,209,10
6,175,4
6,169,2
6,181,6
6,226,2
6,227,6
6,169,3
6,210,4
6,213,4
6,187,6
6,194,7
6,187,8
6,174,1
6,194,4
6,201,5
6,197,8
6,178,4
6,178,3
6,224,6
6,208,8
6,207,9
6,196,10
6,187,10
6,222,8
6,181,7
6,173,8
6,215,2
6,199,8
6,209,3
6,167,2
6,169,6
6,184,3
6,170,1
6,180,8
6,199,2
6,204,4
7,116,8
7,21,9
7,109,10
7,31,10
7,192,1
7,207,5
7,228,6
7,198,4
7,169,4
7,204,7
7,174,4
7,213,9
7,198,9
7,225,5
7,192,10
7,181,7
7,190,5
7,222,5
7,193,10
7,184,4
7,218,3
7,192,7
7,202,5
7,190,8
7,211,9
7,195,5
7,211,4
7,170,4
7,214,3
7,212,8
7,209,1
7,227,7
7,182,10
7,216,8
7,193,3
7,206,1
7,214,10
7,170,2
7,197,2
7,226,6
7,178,7
7,190,1
7,170,5
7,187,5
7,208,4
7,171,1
7,224,8
7,192,4
7,226,1
7,223,1
7,211,6
7,228,8
7,173,6
7,228,7
7,182,8
7,169,8
7,208,7
7,219,9
7,198,3
7,174,5
7,172,1
7,194,10
7,221,9
7,191,2
7,178,8
7,190,9
7,197,7
7,225,3
7,192,6
8,140,4
8,128,4
8,101,8
8,138,9
8,152,2
8,186,9
8,185,2
8,157,3
8,168,2
8,205,9
8,205,2
8,202,3
8,187,7
8,197,6
8,208,4
8,187,4
8,170,1
8,192,7
8,209,2
8,177,8
8,177,3
8,172,5
8,182,10
8,167,5
8,168,3
8,197,1
8,227,3
8,204,6
8,200,1
8,167,1
8,205,3
8,224,7
8,214,9
8,203,10
8,206,8
8,179,2
8,215,4
8,183,8
8,199,8
8,182,3
8,218,5
8,178,1
8,211,2
8,182,2
8,214,5
8,219,2
8,178,3
8,215,10
8,213,3
8,219,4
8,211,5
8,169,4
8,171,9
8,201,2
8,186,6
8,217,2
8,174,1
8,206,3
8,183,4
8,178,9
8,178,5
8,194,7
8,201,1
8,170,6
8,173,2
8,171,8
9,15,1
9,2,3
9,60,5
9,91,5
9,193,9
9,154,9
9,165,3
9,153,5
9,198,4
9,186,9
9,187,5
9,217,10
9,168,1
9,224,10
9,222,10
9,186,5
9,214,9
9,168,2
9,170,6
9,194,3
9,201,6
9,191,3
9,202,4
9,215,1
9,170,1
9,184,1
9,190,7
9,198,2
9,183,8
9,217,3
9,195,2
9,187,4
9,226,6
9,202,1
9,191,8
9,188,5
9,195,8
9,189,3
9,225,4
9,224,6
9,175,5
9,205,10
9,227,10
9,175,10
9,186,10
9,214,2
9,218,9
9,187,7
9,178,1
9,222,1
9,169,9
9,176,2
9,200,8
9,185,1
9,189,2
9,223,8
9,228,3
9,205,8
9,203,6
9,178,3
9,171,4
9,204,5
9,226,9
9,203,9
9,194,4
9,208,1
9,197,8
9,221,1
9,227,9
9,197,2
9,218,7
9,208,10
10,100,4
10,70,5
10,44,10
10,213,3
10,175,3
10,199,1
10,184,2
10,172,7
10,210,9
10,171,7
10,174,6
10,201,5
10,173,2
10,218,8
10,185,8
10,190,6
10,200,4
10,208,5
10,183,8
10,167,7
10,177,6
10,187,3
10,217,2
10,215,9
10,167,8
10,173,7
10,221,4
10,203,3
10,226,6
10,211,8
10,219,9
10,219,3
10,207,6
10,197,4
10,186,2
10,205,7
10,204,9
10,184,4
10,204,7
10,198,2
10,193,5
10,220,5
10,206,9
10,176,9
10,217,5
10,168,9
10,208,8
10,213,3
10,191,2
10,208,1
10,175,10
10,185,1
10,176,3
10,207,5
10,217,8
10,209,8
10,180,6
10,186,5
10,172,9
10,185,2
10,214,5
10,206,8
10,215,7
10,168,4
10,228,3
10,204,1
11,154,3
11,35,4
11,48,5
11,174,4
11,146,7
11,198,6
11,205,8
11,189,1
11,224,10
11,183,2
11,183,9
11,178,1
11,180,4
11,222,4
11,199,8
11,182,6
11,192,10
11,220,9
11,183,6
11,201,6
11,214,1
11,181,2
11,215,10
11,221,7
11,216,5
11,177,7
11,171,5
11,205,5
11,193,6
11,182,4
11,170,9
11,227,10
11,188,9
11,171,7
11,213,10
11,208,5
11,226,6
11,195,2
11,213,2
11,216,6
11,194,10
11,221,5
11,184,7
11,191,5
11,212,8
11,198,7
11,171,4
11,181,4
11,182,10
11,214,10
11,219,1
11,185,3
11,193,10
11,197,10
11,201,2
12,38,4
12,176,4
12,213,4
12,194,5
12,209,8
12,198,3
12,177,6
12,186,5
12,183,5
12,174,7
12,171,9
12,210,3
12,224,6
12,181,3
12,197,1
12,219,9
12,228,8
12,208,6
12,220,5
12,203,10
12,206,5
12,210,1
12,214,7
12,217,1
12,207,2
12,201,10
12,206,3
12,200,2
12,170,3
12,217,4
12,208,3
12,219,1
12,200,3
12,227,1
12,188,8
12,202,10
12,224,3
12,187,1
12,223,5
12,186,2
12,167,8
12,180,8
12,218,5
12,222,5
12,178,6
12,195,3
12,175,2
12,185,6
12,172,4
12,204,4
12,220,1
12,167,10
12,219,4
12,206,7
12,174,8
12,222,7
12,202,2
12,176,9
12,194,7
12,223,9
12,192,5
12,210,8
12,218,7
12,183,9
12,176,7
12,177,9
12,225,2
12,212,10
12,209,9
12,222,9
12,194,3
12,168,2
12,201,6
13,74,8
13,127,10
13,164,9
13,194,5
13,202,10
13,211,10
13,204,3
13,185,3
13,202,7
13,174,7
13,169,4
13,177,8
13,179,1
13,194,9
13,178,10
13,201,6
13,197,3
13,176,3
13,213,3
13,211,7
13,195,8
13,200,1
13,193,2
13,221,1
13,224,6
13,167,8
13,214,1
13,217,6
13,178,3
13,207,10
13,203,9
13,227,2
13,187,6
13,175,5
13,221,9
13,191,5
13,219,2
13,201,8
13,191,10
13,193,6
13,199,10
13,181,1
13,171,6
13,200,5
13,198,7
13,200,7
13,225,4
13,180,5
13,171,7
13,228,1
13,227,9
13,206,6
13,187,8
13,221,7
13,199,1
13,218,5
13,189,5
13,202,5
13,197,10
13,220,1
13,185,2
14,17,3
14,134,7
14,87,8
14,51,9
14,170,7
14,147,3
14,150,3
14,165,6
14,227,6
14,197,9
14,211,4
14,191,1
14,177,5
14,185,1
14,210,6
14,212,5
14,182,3
14,219,2
14,194,7
14,184,9
14,201,6
14,202,3
14,209,6
14,171,8
14,197,4
14,213,7
14,169,2
14,188,9
14,198,5
14,179,2
14,205,4
14,175,7
14,187,5
14,179,1
14,179,5
14,206,7
14,178,3
14,174,2
14,175,2
14,192,4
14,212,8
14,199,7
14,215,5
14,228,1
14,180,3
14,179,9
14,194,8
14,189,8
14,222,8
14,199,4
14,200,2
14,214,8
14,190,10
14,225,3
14,212,7
14,182,2
14,191,6
14,198,4
14,227,7
14,216,2
14,206,10
14,212,6
14,175,10
14,205,1
14,210,4
14,217,1
14,167,8
15,43,3
15,130,5
15,116,6
15,29,7
15,29,9
15,149,1
15,150,1
15,192,2
15,200,1
15,227,2
15,209,1
15,228,4
15,175,5
15,224,4
15,205,7
15,192,8
15,201,8
15,224,2
15,210,7
15,185,4
15,222,6
15,168,9
15,198,1
15,172,3
15,174,1
15,195,2
15,192,6
15,220,6
15,217,8
15,219,1
15,194,7
15,219,8
15,185,5
15,201,4
15,205,8
15,179,1
15,219,10
15,201,10
15,203,2
15,184,2
15,197,1
15,205,5
15,174,8
15,181,8
15,175,4
15,220,3
15,194,8
15,220,10
15,179,9
15,197,3
15,177,2
15,175,6
15,214,10
15,202,1
15,213,10
15,199,3
15,208,2
15,209,6
15,194,9
15,198,9
15,193,4
15,201,1
15,217,9
15,225,5
15,207,6
16,10,4
16,168,9
16,193,1
16,143,1
16,192,5
16,198,7
16,212,10
16,175,9
16,179,9
16,192,2
16,199,9
16,184,2
16,167,9
16,183,8
16,202,4
16,169,7
16,220,10
16,167,7
16,196,1
16,226,10
16,183,5
16,176,4
16,207,3
16,191,4
16,188,8
16,194,10
16,221,5
16,215,10
16,175,5
16,169,5
16,211,5
16,186,7
16,217,3
16,225,1
16,207,5
16,227,6
16,201,3
16,169,4
16,167,2
16,167,4
16,202,2
16,204,2
16,211,7
16,219,3
16,209,6
16,193,4
16,225,7
16,182,3
16,187,6
16,192,8
16,173,8
16,203,8
16,197,9
16,218,2
16,182,1
16,227,5
16,191,2
16,195,8
16,224,6
16,186,1
16,187,7
16,168,8
16,217,2
16,197,10
16,203,2
16,226,7
16,198,9
16,180,7
17,114,1
17,23,4
17,7,4
17,8,5
17,58,7
17,169,3
17,204,3
17,149,10
17,185,5
17,197,8
17,214,6
17,187,9
17,168,2
17,187,1
17,225,3
17,193,1
17,215,3
17,214,10
17,198,8
17,213,6
17,213,1
17,221,1
17,181,8
17,213,2
17,202,6
17,205,1
17,195,8
17,188,6
17,171,7
17,201,9
17,208,4
17,187,2
17,192,1
17,209,7
17,204,8
17,175,9
17,170,8
17,172,2
17,226,6
17,222,8
17,218,2
17,179,1
17,193,2
17,191,3
17,196,7
17,171,10
17,222,9
17,216,5
17,191,8
17,219,4
17,211,8
17,194,3
17,209,3
17,217,6
17,227,7
17,215,1
17,207,10
17,208,9
17,185,7
17,185,2
17,195,7
17,178,5
17,225,9
17,211,2
17,212,9
18,37,2
18,18,5
18,17,6
18,153,7
18,31,7
18,133,8
18,164,7
18,203,4
18,199,1
18,190,10
18,174,10
18,203,5
18,199,7
18,193,3
18,211,5
18,216,8
18,193,9
18,180,10
18,207,9
18,177,10
18,182,3
18,214,1
18,191,9
18,215,10
18,182,1
18,216,7
18,180,7
18,212,2
18,218,2
18,178,4
18,219,4
18,218,4
18,219,6
18,190,7
18,206,5
18,215,9
18,196,3
18,226,4
18,206,1
18,223,3
18,224,7
18,211,10
18,177,4
18,219,1
18,225,8
18,196,5
18,193,10
18,167,2
18,192,7
18,194,6
18,181,3
18,179,10
18,222,1
18,218,5
18,191,7
18,176,2
18,188,2
18,219,3
18,192,5
18,177,2
18,171,10
18,168,8
18,192,6
18,167,8
18,177,3
18,173,7
18,174,3
18,201,7
19,11,4
19,9,9
19,84,10
19,176,6
19,217,9
19,199,1
19,157,5
19,149,1
19,197,5
19,221,4
19,174,8
19,204,5
19,175,6
19,192,7
19,208,1
19,174,3
19,181,9
19,213,2
19,195,3
19,182,9
19,204,6
19,174,10
19,195,4
19,218,1
19,175,3
19,202,1
19,185,8
19,212,3
19,186,7
19,215,7
19,217,8
19,167,10
19,218,9
19,174,2
19,182,8
19,221,2
19,224,1
19,212,2
19,193,1
19,199,8
19,203,6
19,188,9
19,214,7
19,187,7
19,226,3
19,197,7
19,191,3
19,211,4
19,196,8
19,195,1
19,219,3
19,178,2
19,220,7
19,223,9
19,195,10
19,209,9
19,186,10
19,193,3
19,227,7
19,222,5
19,223,4
19,221,5
19,185,3
19,207,10
19,187,9
19,218,10
19,220,1
20,46,6
20,200,2
20,173,3
20,212,8
20,182,9
20,189,10
20,216,7
20,184,4
20,208,7
20,183,2
20,182,7
20,178,7
20,190,4
20,212,5
20,180,6
20,197,4
20,221,6
20,209,6
20,219,9
20,217,8
20,213,5
20,169,3
20,209,7
20,179,3
20,200,6
20,191,7
20,215,1
20,211,10
20,215,5
20,206,8
20,213,8
20,180,8
20,183,9
20,206,2
20,170,7
20,220,2
20,217,4
20,219,1
20,226,10
20,172,8
20,218,9
20,194,1
20,223,3
20,217,7
20,223,6
20,210,2
20,169,8
20,223,4
20,193,1
20,168,4
20,212,6
20,176,9
20,171,5
20,206,5
20,205,1
20,183,1
20,185,3
20,189,6
20,206,9
20,191,10
20,167,9
20,216,4
20,203,5
20,205,2
20,195,8
20,193,9
20,183,4
20,182,2
21,126,1
21,13,9
21,42,9
21,222,5
21,185,3
21,204,9
21,173,4
21,194,7
21,171,1
21,173,7
21,223,5
21,209,9
21,177,3
21,202,7
21,216,2
21,169,9
21,226,9
21,212,3
21,181,2
21,218,6
21,220,1
21,216,3
21,220,4
21,201,1
21,204,2
21,167,3
21,188,4
21,178,3
21,189,3
21,173,2
21,193,1
21,228,4
21,181,6
21,187,10
21,206,1
21,189,7
21,167,6
21,212,4
21,191,7
21,167,7
21,180,3
21,209,7
21,189,5
21,220,6
21,173,1
21,203,9
21,168,2
21,191,5
21,194,9
21,170,9
21,167,5
21,199,1
21,172,5
21,177,9
21,197,3
21,204,10
21,173,7
21,185,8
21,199,10
21,227,5
21,198,6
21,223,10
21,222,4
21,226,8
21,216,10
21,204,1
22,53,3
22,2,5
22,127,6
22,153,4
22,206,3
22,192,9
22,190,4
22,198,5
22,199,10
22,158,7
22,170,8
22,213,6
22,196,8
22,199,3
22,189,3
22,183,5
22,182,4
22,169,2
22,201,1
22,180,1
22,210,8
22,204,6
22,204,2
22,198,8
22,175,1
22,216,8
22,188,2
22,195,1
22,179,6
22,179,4
22,205,4
22,217,6
22,175,2
22,170,2
22,193,7
22,227,10
22,189,4
22,185,10
22,225,2
22,186,4
22,215,7
22,218,7
22,171,8
22,176,1
22,207,3
22,177,2
22,178,7
22,203,8
22,226,6
22,187,10
22,195,7
22,215,4
22,186,6
22,200,3
22,194,9
22,214,9
22,216,2
22,190,3
22,200,4
22,182,9
22,225,5
22,197,10
22,190,4
22,167,2
22,184,5
22,220,6
22,170,4
22,185,9
22,168,8
22,193,6
22,228,3
23,26,6
23,176,7
23,220,3
23,207,10
23,151,6
23,156,2
23,179,1
23,205,7
23,211,10
23,185,3
23,204,10
23,180,4
23,207,3
23,220,9
23,189,5
23,220,10
23,223,10
23,195,7
23,214,6
23,188,4
23,167,9
23,177,8
23,191,5
23,203,8
23,174,1
23,182,7
23,197,3
23,228,9
23,175,5
23,191,9
23,202,3
23,220,4
23,208,7
23,202,2
23,222,8
23,177,10
23,176,4
23,171,7
23,193,6
23,214,2
23,171,8
23,181,6
23,173,7
23,217,7
23,179,7
23,206,1
23,172,2
23,179,6
23,218,10
23,192,9
23,210,9
23,182,9
23,202,5
23,167,7
23,173,3
23,211,6
23,217,1
23,167,5
23,198,9
23,195,4
23,176,3
23,213,5
23,221,5
23,203,5
23,203,1
23,185,4
23,206,8
23,190,7
23,193,9
23,168,8
23,214,1
23,203,10
23,190,5
23,216,1
23,200,6
23,178,6
23,187,1
23,178,1
23,194,4
23,228,1
23,169,7
23,192,2
23,192,10
23,189,8
23,179,4
23,227,7
23,178,2
23,182,3
23,201,10
23,209,6
23,180,3
23,223,3
23,171,4
23,207,5
23,212,4
23,211,7
23,193,4
24,23,2
24,51,5
24,182,8
24,214,8
24,174,6
24,153,4
24,154,10
24,153,2
24,175,4
24,172,1
24,176,3
24,179,2
24,207,7
24,198,6
24,194,1
24,172,5
24,176,2
24,206,6
24,217,4
24,228,1
24,183,2
24,211,4
24,197,1
24,213,7
24,213,3
24,185,5
24,199,4
24,201,4
24,215,6
24,198,2
24,210,7
24,179,1
24,215,1
24,189,4
24,226,1
24,190,7
24,205,4
24,219,4
24,205,9
24,209,1
24,225,1
24,191,5
24,181,2
24,204,10
24,214,10
24,205,5
24,168,8
24,176,9
24,170,8
24,175,8
24,179,7
24,197,6
24,193,6
24,171,9
24,171,3
24,168,6
24,188,5
24,196,7
24,209,4
24,178,6
24,185,8
24,218,2
24,174,1
24,224,6
24,209,9
24,197,9
24,177,7
24,187,5
24,190,8
24,177,6
25,55,5
25,63,9
25,57,10
25,219,3
25,184,3
25,143,8
25,195,7
25,186,4
25,195,10
25,203,3
25,191,2
25,206,8
25,211,8
25,220,1
25,207,1
25,196,10
25,195,10
25,223,3
25,172,5
25,216,9
25,215,7
25,179,5
25,201,7
25,187,6
25,218,3
25,212,6
25,204,5
25,228,6
25,221,4
25,209,6
25,219,6
25,202,6
25,216,4
25,221,8
25,207,8
25,221,6
25,226,5
25,187,3
25,225,4
25,172,4
25,197,9
25,210,10
25,207,3
25,175,9
25,168,7
25,173,3
25,196,7
25,225,6
25,186,8
25,192,8
25,179,9
25,199,9
25,170,7
25,223,6
25,185,4
25,222,4
25,224,9
25,184,6
25,202,1
25,177,2
25,203,4
26,55,5
26,45,5
26,104,6
26,15,9
26,173,4
26,218,6
26,180,8
26,191,9
26,203,7
26,189,5
26,198,5
26,169,7
26,219,4
26,180,10
26,228,10
26,175,9
26,188,10
26,194,7
26,214,2
26,204,7
26,228,5
26,195,10
26,184,7
26,168,8
26,218,5
26,173,1
26,203,5
26,221,4
26,212,6
26,228,6
26,228,8
26,210,7
26,221,9
26,216,6
26,200,7
26,196,3
26,208,7
26,170,4
26,200,1
26,180,4
26,208,5
26,187,8
26,200,8
26,225,10
26,188,3
26,191,6
26,186,6
26,169,10
26,228,9
26,214,5
26,227,7
26,202,5
26,179,6
26,181,4
26,196,1
26,170,1
26,227,10
26,175,3
26,176,5
26,176,7
26,202,6
26,206,3
26,169,4
26,167,4
26,212,7
26,208,1
26,203,4
26,207,10
26,218,8
26,192,3
26,218,1
26,185,2
26,206,2
27,54,1
27,86,4
27,142,4
27,207,5
27,185,7
27,226,1
27,216,1
27,224,1
27,190,9
27,169,7
27,209,8
27,211,6
27,188,4
27,209,1
27,211,10
27,208,2
27,177,5
27,170,7
27,189,9
27,225,6
27,181,6
27,224,7
27,207,9
27,176,9
27,209,5
27,202,7
27,204,1
27,200,4
27,182,8
27,195,8
27,174,3
27,194,4
27,186,8
27,225,9
27,198,2
27,212,2
27,182,4
27,220,10
27,192,3
27,221,10
27,228,4
27,180,6
27,203,1
27,169,4
27,179,9
27,211,2
27,226,8
27,183,3
27,216,5
27,215,10
27,169,2
27,216,10
27,211,8
27,217,4
27,191,7
27,205,9
27,210,4
27,187,1
27,172,6
27,199,2
27,205,1
27,223,1
27,174,5
27,197,4
27,215,4
27,171,3
27,170,3
28,54,7
28,50,10
28,5,10
28,155,4
28,227,1
28,205,1
28,173,4
28,199,7
28,192,5
28,179,6
28,175,2
28,173,4
28,206,10
28,214,5
28,179,2
28,225,4
28,179,4
28,224,8
28,221,6
28,187,4
28,192,7
28,220,9
28,170,6
28,181,9
28,213,8
28,169,4
28,207,7
28,167,2
28,176,10
28,225,7
28,185,7
28,204,3
28,181,6
28,193,10
28,217,7
28,203,3
28,180,9
28,185,2
28,184,9
28,227,9
28,179,8
28,223,5
28,220,6
28,220,4
28,186,8
28,177,8
28,211,2
28,210,5
28,228,1
28,174,9
28,224,9
28,222,10
28,215,4
28,180,6
28,193,1
28,207,4
28,210,10
28,191,1
28,181,3
28,199,1
28,189,10
28,199,9
28,203,5
28,190,4
28,183,5
28,207,5
28,228,10
28,195,6
28,167,5
28,178,3
28,193,8
28,190,5
28,184,2
28,224,2
29,34,5
29,142,1
29,168,8
29,222,1
29,178,6
29,187,5
29,216,2
29,195,5
29,198,6
29,214,7
29,225,3
29,198,7
29,198,3
29,193,5
29,170,2
29,198,4
29,175,9
29,190,9
29,183,4
29,217,5
29,216,6
29,188,5
29,189,9
29,222,6
29,208,10
29,185,7
29,171,2
29,202,8
29,221,9
29,202,5
29,226,5
29,195,1
29,209,9
29,191,9
29,198,2
29,183,3
29,206,7
29,220,9
29,184,3
29,210,9
29,192,9
29,202,9
29,196,6
29,193,9
29,194,10
29,177,1
29,228,5
29,227,4
29,203,6
29,172,1
29,221,2
29,217,10
29,176,8
29,200,10
29,190,6
29,200,4
29,199,6
29,179,3
29,225,9
29,195,7
29,209,7
29,168,4
29,172,7
30,53,6
30,164,1
30,188,3
30,191,2
30,183,7
30,208,5
30,185,7
30,174,9
30,203,9
30,211,10
30,224,6
30,169,3
30,192,6
30,201,1
30,219,8
30,167,9
30,181,6
30,217,3
30,223,10
30,196,8
30,196,5
30,188,3
30,201,5
30,172,1
30,174,1
30,226,7
30,200,7
30,193,9
30,228,4
30,204,3
30,187,1
30,210,3
30,193,10
30,192,8
30,177,1
30,172,3
30,180,6
30,228,10
30,207,5
30,206,4
30,219,7
30,171,2
30,173,9
30,216,2
30,184,2
30,169,5
30,193,1
30,205,5
30,168,2
30,176,6
30,213,5
30,196,6
30,219,10
30,194,8
30,186,4
30,178,2
30,225,4
30,209,2
30,193,3
30,182,3
30,176,3
30,185,5
30,222,5
30,180,9
31,80,1
31,129,5
31,74,5
31,203,9
31,151,10
31,201,1
31,193,8
31,192,6
31,182,3
31,183,9
31,222,7
31,175,5
31,183,10
31,205,3
31,177,5
31,179,1
31,206,9
31,201,2
31,216,9
31,225,4
31,219,1
31,198,3
31,167,10
31,178,10
31,188,9
31,223,7
31,174,10
31,172,5
31,176,10
31,209,6
31,209,9
31,226,7
31,173,3
31,169,7
31,204,8
31,194,10
31,217,2
31,180,6
31,184,10
31,208,7
31,179,5
31,196,8
31,177,4
31,188,6
31,177,8
31,226,4
31,211,3
31,175,1
31,210,10
31,224,8
31,180,1
31,186,7
31,225,1
31,222,2
31,181,7
31,217,6
31,216,3
31,228,6
31,170,2
31,196,6
31,199,8
31,195,4
31,173,7
31,219,3
31,213,3
31,168,9
31,180,10
31,220,7
31,167,3
31,225,8
31,191,4
31,208,3
31,176,4
31,171,1
32,71,1
32,91,2
32,32,4
32,39,7
32,127,9
32,94,10
32,178,1
32,176,6
32,196,5
32,187,7
32,177,7
32,217,6
32,218,7
32,198,4
32,219,5
32,215,7
32,212,10
32,193,1
32,190,9
32,217,2
32,206,8
32,213,2
32,218,2
32,213,7
32,198,8
32,206,9
32,197,7
32,190,4
32,190,7
32,204,3
32,208,7
32,214,10
32,199,3
32,185,2
32,212,3
32,174,6
32,184,1
32,195,10
32,182,8
32,180,4
32,185,4
32,171,4
32,214,7
32,215,9
32,199,5
32,186,3
32,199,2
32,225,8
32,175,4
32,228,10
32,192,3
32,199,7
32,203,9
32,184,3
32,228,9
32,214,9
32,191,1
32,223,6
32,184,6
32,196,4
32,210,9
32,168,3
32,188,3
32,174,8
32,174,7
32,180,9
32,226,10
32,178,6
33,227,4
33,149,5
33,208,2
33,150,6
33,182,4
33,211,1
33,167,10
33,211,3
33,193,9
33,204,7
33,179,9
33,187,1
33,195,9
33,212,6
33,210,5
33,168,9
33,219,7
33,174,4
33,203,8
33,173,6
33,210,3
33,214,9
33,171,2
33,198,2
33,210,2
33,222,6
33,195,7
33,171,9
33,193,4
33,168,5
33,217,6
33,220,5
33,169,3
33,189,6
33,195,3
33,174,8
33,208,8
33,197,2
33,198,3
33,191,8
33,222,9
33,174,9
33,196,5
33,197,9
33,192,9
33,211,5
33,180,9
33,204,6
33,223,10
33,220,10
33,176,5
33,194,10
33,201,8
33,173,2
33,190,1
33,208,2
33,198,8
33,178,10
33,211,8
33,184,4
33,190,10
33,177,1
33,185,4
33,195,2
33,218,4
33,168,6
33,186,2
33,192,1
33,192,7
33,210,10
33,184,2
33,198,4
33,167,1
33,201,3
33,209,9
33,187,7
33,177,8
33,216,5
33,180,8
33,226,6
34,12,2
34,65,4
34,211,4
34,167,3
34,193,9
34,221,2
34,198,9
34,204,3
34,215,10
34,214,7
34,179,3
34,225,7
34,173,5
34,170,3
34,174,6
34,222,6
34,193,3
34,167,8
34,208,7
34,205,6
34,214,8
34,168,6
34,176,10
34,184,1
34,195,5
34,215,4
34,205,7
34,190,8
34,228,10
34,204,5
34,223,2
34,221,1
34,194,8
34,174,1
34,207,10
34,214,2
34,225,10
34,190,1
34,181,6
34,214,5
34,218,2
34,186,3
34,222,1
34,170,10
34,213,6
34,198,1
34,206,1
34,168,5
34,221,3
34,221,4
34,176,6
34,178,2
34,196,2
34,228,3
34,203,8
34,172,7
34,194,4
34,222,9
34,225,6
34,192,10
34,202,4
34,216,3
34,174,2
34,175,9
34,222,4
34,182,5
34,193,4
34,221,8
34,220,3
35,15,1
35,68,3
35,28,5
35,198,3
35,174,1
35,171,1
35,204,6
35,227,10
35,190,6
35,182,4
35,216,5
35,194,8
35,211,5
35,215,8
35,201,2
35,224,2
35,214,9
35,179,7
35,205,6
35,185,2
35,205,8
35,178,1
35,207,2
35,212,9
35,207,4
35,169,5
35,174,7
35,181,2
35,167,10
35,228,10
35,191,7
35,203,5
35,167,1
35,218,6
35,200,5
35,196,2
35,180,1
35,216,3
35,170,4
35,178,2
35,201,4
35,196,5
35,183,8
35,186,3
35,185,9
35,177,10
35,179,4
35,214,10
35,197,5
35,218,9
35,217,9
35,217,8
35,168,9
35,176,9
35,209,7
35,187,1
35,189,7
35,226,6
35,195,7
35,225,5
35,181,3
35,228,4
35,210,9
35,170,1
35,216,6
36,23,1
36,49,2
36,19,5
36,45,6
36,96,7
36,16,7
36,25,8
36,169,1
36,169,4
36,168,9
36,151,5
36,162,9
36,197,7
36,172,1
36,201,8
36,221,7
36,185,3
36,182,7
36,218,8
36,218,7
36,194,10
36,180,4
36,209,6
36,200,7
36,198,4
36,177,10
36,195,3
36,191,9
36,191,6
36,199,1
36,228,5
36,227,1
36,227,5
36,169,1
36,178,9
36,196,4
36,215,10
36,219,6
36,228,2
36,194,3
36,167,10
36,173,2
36,217,6
36,208,1
36,216,5
36,200,10
36,219,2
36,174,7
36,212,1
36,174,10
36,168,6
36,175,4
36,218,1
36,193,8
36,181,7
36,205,1
36,201,3
36,198,6
36,174,8
36,185,2
36,195,6
36,180,8
36,208,2
36,213,2
36,177,7
36,226,9
36,217,4
36,225,9
36,185,5
36,225,1
37,98,6
37,218,8
37,198,2
37,218,6
37,172,3
37,179,4
37,193,6
37,189,9
37,224,2
37,178,2
37,226,10
37,224,7
37,186,2
37,189,6
37,191,8
37,178,5
37,174,8
37,212,2
37,228,7
37,218,10
37,184,5
37,207,5
37,176,9
37,219,5
37,207,1
37,187,1
37,211,10
37,196,4
37,202,5
37,215,4
37,174,7
37,191,9
37,214,6
37,176,8
37,209,6
37,205,7
37,215,8
37,207,9
37,211,1
37,227,6
37,194,1
37,182,4
37,175,8
37,203,8
37,179,9
37,198,4
37,187,2
37,225,4
37,195,10
37,224,5
37,201,1
37,225,9
37,214,10
37,205,6
37,203,6
37,209,4
37,213,10
37,222,5
37,190,5
38,130,3
38,42,7
38,203,9
38,148,8
38,192,6
38,173,5
38,197,7
38,170,3
38,184,10
38,187,8
38,185,10
38,192,10
38,169,7
38,193,6
38,207,7
38,217,9
38,184,3
38,189,3
38,223,1
38,219,8
38,185,7
38,203,1
38,206,5
38,221,4
38,199,5
38,207,10
38,178,9
38,205,1
38,216,3
38,223,2
38,205,5
38,222,9
38,219,1
38,226,1
38,173,10
38,190,9
38,169,1
38,208,1
38,212,7
38,181,5
38,202,1
38,185,8
38,198,4
38,178,7
38,222,10
38,180,1
38,188,6
38,189,8
38,174,7
38,168,6
38,196,5
38,174,1
38,172,6
38,223,5
38,189,10
38,217,2
38,196,10
38,195,5
38,193,4
38,180,9
38,192,6
38,173,2
38,182,9
38,205,10
38,208,4
38,185,4
38,227,7
38,184,4
38,205,4
38,222,3
38,168,9
38,194,9
38,185,3
39,28,2
39,86,4
39,30,6
39,50,7
39,2,10
39,5,10
39,150,5
39,149,10
39,145,2
39,174,5
39,155,10
39,208,3
39,192,3
39,201,1
39,182,6
39,200,4
39,207,9
39,168,6
39,180,10
39,204,8
39,223,7
39,191,2
39,187,9
39,186,4
39,196,5
39,171,5
39,190,2
39,170,8
39,177,2
39,192,2
39,200,10
39,181,5
39,186,7
39,206,8
39,203,6
39,174,2
39,168,8
39,211,7
39,176,2
39,201,6
39,178,5
39,226,3
39,192,6
39,177,6
39,214,6
39,172,1
39,199,3
39,197,8
39,179,10
39,226,9
39,228,4
39,217,9
39,204,2
39,199,6
39,222,8
39,170,9
39,174,10
39,188,1
39,186,3
39,217,2
39,218,3
39,191,4
39,196,2
39,183,9
39,220,4
39,217,7
39,206,10
39,213,7
39,167,4
39,224,9
39,224,7
39,183,3
39,212,4
39,175,2
39,206,2
39,181,8
39,196,4
39,196,6
39,219,10
39,178,4
39,167,1
39,198,8
39,213,8
39,213,1
39,206,3
39,179,8
39,215,8
40,111,2
40,148,6
40,225,6
40,200,9
40,193,2
40,184,6
40,212,4
40,174,1
40,218,3
40,178,1
40,190,3
40,211,6
40,201,9
40,198,4
40,167,6
40,206,1
40,199,4
40,190,9
40,208,6
40,181,1
40,195,3
40,206,9
40,220,6
40,222,10
40,168,10
40,176,7
40,195,4
40,203,6
40,188,4
40,168,9
40,191,5
40,223,6
40,197,3
40,176,2
40,217,4
40,187,1
40,224,9
40,216,10
40,184,4
40,180,8
40,196,10
40,189,3
40,195,9
40,193,3
40,173,6
40,226,1
40,200,10
40,197,10
40,206,2
40,217,5
40,206,7
40,202,6
40,195,7
40,197,5
40,200,3
40,204,1
40,209,3
40,185,10
40,210,8
40,223,9
40,214,6
40,176,9
40,212,6
41,100,3
41,51,3
41,4,6
41,197,3
41,148,4
41,199,9
41,224,3
41,191,10
41,218,3
41,172,2
41,219,4
41,192,9
41,180,2
41,171,10
41,212,1
41,212,8
41,194,4
41,190,10
41,183,4
41,198,8
41,185,2
41,171,4
41,170,2
41,217,3
41,210,5
41,221,1
41,172,7
41,195,5
41,192,4
41,178,10
41,210,4
41,228,3
41,172,1
41,206,7
41,220,4
41,223,2
41,196,4
41,169,1
41,184,5
41,191,4
41,215,9
41,184,1
41,205,6
41,214,10
41,176,1
41,227,4
41,186,4
41,216,1
41,202,3
41,209,5
41,224,5
41,211,8
41,211,2
41,209,2
41,228,2
41,219,2
41,186,9
41,226,9
41,193,3
41,180,4
41,173,6
41,184,2
41,206,9
41,203,3
41,213,5
42,84,2
42,146,7
42,203,4
42,171,3
42,150,2
42,211,6
42,211,1
42,175,2
42,204,2
42,192,5
42,197,1
42,213,9
42,180,7
42,223,1
42,195,2
42,202,6
42,180,2
42,216,1
42,220,7
42,209,10
42,171,5
42,217,4
42,204,7
42,197,10
42,213,8
42,192,3
42,227,4
42,209,2
42,194,6
42,200,4
42,208,6
42,187,4
42,222,6
42,218,8
42,181,1
42,182,5
42,190,4
42,201,3
42,225,3
42,182,6
42,182,4
42,208,5
42,225,5
42,204,9
42,222,10
42,194,1
42,194,3
42,215,7
42,225,8
42,186,8
42,206,9
42,188,2
42,201,8
42,228,1
42,167,1
42,195,4
42,182,9
42,177,3
42,194,8
42,205,1
42,177,4
42,186,2
42,192,2
42,206,7
42,203,1
43,11,4
43,72,5
43,32,6
43,34,8
43,6,10
43,85,10
43,204,3
43,201,5
43,153,3
43,201,7
43,189,7
43,208,1
43,220,4
43,180,1
43,217,1
43,222,2
43,210,7
43,223,4
43,175,7
43,203,7
43,170,9
43,175,5
43,174,1
43,218,6
43,214,3
43,219,3
43,172,2
43,192,8
43,169,1
43,210,4
43,225,4
43,183,3
43,204,1
43,210,5
43,167,10
43,220,3
43,193,6
43,212,8
43,199,7
43,208,8
43,184,3
43,169,8
43,182,3
43,204,10
43,178,6
43,207,10
43,177,9
43,201,4
43,196,9
43,224,9
43,215,1
43,186,6
43,190,6
43,214,6
43,220,1
43,193,8
43,175,4
43,178,4
43,196,5
43,167,6
43,223,9
43,205,6
43,226,2
43,182,5
43,187,1
43,187,5
43,217,6
43,221,1
43,202,4
43,172,6
43,200,7
43,214,5
43,209,6
43,222,5
43,171,9
43,197,3
43,193,5
44,189,6
44,188,10
44,156,7
44,183,7
44,144,8
44,146,7
44,224,9
44,187,4
44,197,7
44,201,8
44,216,2
44,173,2
44,179,1
44,201,2
44,190,9
44,184,5
44,185,6
44,206,4
44,208,5
44,223,8
44,212,3
44,214,2
44,209,4
44,188,3
44,203,10
44,219,10
44,191,3
44,178,7
44,226,9
44,207,8
44,176,2
44,198,3
44,222,8
44,199,8
44,211,2
44,192,10
44,173,5
44,198,2
44,192,4
44,197,6
44,180,5
44,185,8
44,169,2
44,174,3
44,201,5
44,205,2
44,168,10
44,193,4
44,201,3
44,213,6
44,172,1
44,212,6
44,171,7
44,190,5
44,216,3
44,183,7
44,221,10
44,220,9
44,180,10
44,193,7
44,185,1
44,170,7
44,181,10
44,173,3
44,226,10
44,195,3
44,189,4
44,179,4
44,197,9
44,177,7
44,175,1
44,184,10
44,173,8
44,202,3
44,200,3
44,221,9
44,217,3
44,202,7
44,227,8
44,170,6
44,190,3
44,193,5
45,47,2
45,57,3
45,108,3
45,10,6
45,203,4
45,144,7
45,143,3
45,161,1
45,194,10
45,209,4
45,168,5
45,210,2
45,212,9
45,214,3
45,195,10
45,193,7
45,221,5
45,216,2
45,215,1
45,173,9
45,197,9
45,185,6
45,187,3
45,219,6
45,197,6
45,223,10
45,170,7
45,201,4
45,178,1
45,171,2
45,221,4
45,169,1
45,185,5
45,227,7
45,194,8
45,221,10
45,214,2
45,214,9
45,227,10
45,194,2
45,221,3
45,199,8
45,227,9
45,182,1
45,203,5
45,209,7
45,216,8
45,192,4
45,176,6
45,183,3
45,207,10
45,191,8
45,177,7
45,196,5
45,219,5
45,227,6
45,175,7
45,192,6
45,226,1
45,170,4
45,174,4
45,178,9
45,225,1
45,218,5
45,221,1
45,180,9
45,216,10
45,183,4
45,172,1
45,208,9
45,195,7
45,181,1
45,218,2
45,203,10
45,204,8
45,169,6
45,224,4
45,184,5
46,59,3
46,68,4
46,102,6
46,136,10
46,171,6
46,189,6
46,189,1
46,179,10
46,171,4
46,224,3
46,224,2
46,184,6
46,174,9
46,211,4
46,227,9
46,215,8
46,227,10
46,183,2
46,199,10
46,186,4
46,213,5
46,227,5
46,174,7
46,195,3
46,204,9
46,184,3
46,214,9
46,221,5
46,174,8
46,189,7
46,209,4
46,200,2
46,174,6
46,192,2
46,171,7
46,214,8
46,183,3
46,172,2
46,199,8
46,167,2
46,220,8
46,188,8
46,226,3
46,225,2
46,171,1
46,184,10
46,223,1
46,226,2
46,186,10
46,168,8
46,204,1
46,189,5
46,207,7
46,187,3
46,199,7
46,201,7
46,203,1
46,178,3
46,201,9
46,212,1
46,200,4
46,221,1
46,212,4
46,205,6
46,170,1
46,193,9
46,227,4
46,177,8
46,210,4
47,19,1
47,62,8
47,49,10
47,220,8
47,169,5
47,203,9
47,193,5
47,217,9
47,203,4
47,228,2
47,169,3
47,202,6
47,173,7
47,214,7
47,177,2
47,177,9
47,180,9
47,191,5
47,226,2
47,172,1
47,228,3
47,198,8
47,211,6
47,201,9
47,188,10
47,168,10
47,188,4
47,217,9
47,225,8
47,185,4
47,168,7
47,218,6
47,182,7
47,174,1
47,179,4
47,198,7
47,175,9
47,203,3
47,218,4
47,178,8
47,218,5
47,204,4
47,180,3
47,192,7
47,200,1
47,179,9
47,192,1
47,177,5
47,214,1
47,181,6
47,226,9
47,210,5
48,58,1
48,85,3
48,9,3
48,7,5
48,119,8
48,178,2
48,142,7
48,180,10
48,227,3
48,187,6
48,172,4
48,224,3
48,192,10
48,204,7
48,208,10
48,198,2
48,175,6
48,201,6
48,201,5
48,190,10
48,199,5
48,205,2
48,167,1
48,170,7
48,168,3
48,224,1
48,212,4
48,194,5
48,205,5
48,221,5
48,167,4
48,223,4
48,190,5
48,185,8
48,221,1
48,189,8
48,215,7
48,200,8
48,174,3
48,185,5
48,200,7
48,185,3
48,168,5
48,172,10
48,206,7
48,185,4
48,185,2
48,203,7
48,174,5
48,170,5
48,189,9
48,189,5
48,228,3
48,190,2
48,177,3
48,175,9
48,180,2
48,184,3
48,209,6
48,222,3
48,210,6
48,226,10
48,173,5
48,174,1
48,172,6
48,188,7
48,195,1
48,212,3
48,227,3
48,214,6
48,178,6
48,215,3
48,227,2
48,196,3
48,206,4
48,225,6
48,207,10
48,222,6
48,187,9
48,187,5
48,181,1
48,228,6
48,173,2
49,21,3
49,44,3
49,1,5
49,6,6
49,77,10
49,139,10
49,144,3
49,153,9
49,177,2
49,165,7
49,203,4
49,205,7
49,219,9
49,194,6
49,227,3
49,170,5
49,181,10
49,199,9
49,198,1
49,190,4
49,179,2
49,197,1
49,213,6
49,212,10
49,225,10
49,225,4
49,176,5
49,191,10
49,219,7
49,198,10
49,207,2
49,201,3
49,225,5
49,175,5
49,200,6
49,221,9
49,186,10
49,197,4
49,208,6
49,199,5
49,206,10
49,184,6
49,189,10
49,194,1
49,178,1
49,226,6
49,183,5
49,185,3
49,176,9
49,223,4
49,183,2
49,213,8
49,212,5
49,215,4
49,217,5
49,177,3
49,183,3
49,214,1
49,178,6
50,95,2
50,57,7
50,81,8
50,19,9
50,177,10
50,185,8
50,176,7
50,216,8
50,173,6
50,146,9
50,173,2
50,193,1
50,224,1
50,169,6
50,197,5
50,172,10
50,186,4
50,180,6
50,176,1
50,191,3
50,226,7
50,192,10
50,203,5
50,201,1
50,187,3
50,173,7
50,176,4
50,210,6
50,202,3
50,206,7
50,186,10
50,227,8
50,187,8
50,173,6
50,198,8
50,179,9
50,181,1
50,209,10
50,198,2
50,208,6
50,212,7
50,195,8
50,183,7
50,167,2
50,178,2
50,219,2
50,209,1
50,226,2
50,172,5
50,213,5
50,225,3
50,203,3
50,216,5
50,209,7
50,177,8
50,213,9
50,220,10
50,222,9
50,191,5
50,184,6
50,204,5
50,197,7
50,213,1
50,200,5
50,211,2
50,201,5
50,174,5
50,196,9
50,186,1
50,170,7
50,174,10
50,222,2
50,206,5
51,53,4
51,151,8
51,167,8
51,167,1
51,217,1
51,192,3
51,167,7
51,179,9
51,221,6
51,199,2
51,216,10
51,190,1
51,188,3
51,174,6
51,195,7
51,194,3
51,176,10
51,183,8
51,222,9
51,193,3
51,226,10
51,189,1
51,224,2
51,202,4
51,213,5
51,179,7
51,189,4
51,218,4
51,198,6
51,210,10
51,175,5
51,190,7
51,209,6
51,172,3
51,219,4
51,171,4
51,176,5
51,228,4
51,226,9
51,217,6
51,214,5
51,187,2
51,211,5
51,174,9
51,167,6
51,170,5
51,174,8
51,185,7
51,174,2
51,225,2
51,214,6
51,218,10
51,185,5
51,205,6
51,211,8
51,197,1
51,203,2
52,69,6
52,44,10
52,157,7
52,194,7
52,191,1
52,182,2
52,207,5
52,204,10
52,173,5
52,204,2
52,191,4
52,167,9
52,220,5
52,168,7
52,222,7
52,189,2
52,227,8
52,191,6
52,195,4
52,190,1
52,172,8
52,193,5
52,182,7
52,170,10
52,204,5
52,214,5
52,184,9
52,192,8
52,198,10
52,212,1
52,224,3
52,183,9
52,171,9
52,197,9
52,223,6
52,184,5
52,198,7
52,175,2
52,210,9
52,185,5
52,225,9
52,215,10
52,176,8
52,206,3
52,225,6
52,200,3
52,213,1
52,209,9
52,228,8
52,191,3
52,210,5
52,213,6
52,191,8
52,206,6
52,185,2
52,225,8
52,194,5
52,185,9
52,186,10
52,167,3
52,177,6
52,172,2
52,190,7
52,215,4
53,128,2
53,22,3
53,151,3
53,207,6
53,211,8
53,168,9
53,178,4
53,197,1
53,185,2
53,220,2
53,190,9
53,192,3
53,207,4
53,206,9
53,194,2
53,203,1
53,168,3
53,221,5
53,227,9
53,181,10
53,208,1
53,216,8
53,225,10
53,200,4
53,184,6
53,217,4
53,218,6
53,190,10
53,170,2
53,169,7
53,181,2
53,209,6
53,188,5
53,228,9
53,208,5
53,209,8
53,227,2
53,189,6
53,194,3
53,179,7
53,172,4
53,217,1
53,169,4
53,168,10
53,204,10
53,189,5
53,170,3
53,203,5
53,170,5
53,214,1
53,211,6
53,220,1
53,210,6
53,173,5
53,186,8
53,194,6
53,171,2
53,173,6
53,206,1
53,210,3
53,217,8
53,169,10
53,181,4
54,100,1
54,25,3
54,113,6
54,65,7
54,109,10
54,188,9
54,170,4
54,223,10
54,227,1
54,196,7
54,196,3
54,206,8
54,215,8
54,221,5
54,194,2
54,194,7
54,170,2
54,224,6
54,178,4
54,185,8
54,176,7
54,203,9
54,167,5
54,219,8
54,208,10
54,202,4
54,188,2
54,184,4
54,202,8
54,176,2
54,198,4
54,203,8
54,178,6
54,228,6
54,175,7
54,197,6
54,172,5
54,223,1
54,187,5
54,206,10
54,174,4
54,214,10
54,224,3
54,226,2
54,222,1
54,213,9
54,194,1
54,190,8
54,201,9
54,225,2
54,224,2
54,214,5
54,228,3
54,178,1
54,227,8
54,201,2
54,191,7
54,171,2
54,222,6
54,212,4
54,207,7
54,174,7
54,183,10
54,206,1
54,221,1
54,171,5
54,201,5
54,204,2
54,198,9
54,178,3
54,186,10
54,172,2
54,220,5
54,211,1
54,187,10
54,182,5
54,215,7
55,13,1
55,90,2
55,121,3
55,52,5
55,117,7
55,194,2
55,199,5
55,223,3
55,177,10
55,203,3
55,208,3
55,213,6
55,188,5
55,177,4
55,206,2
55,198,5
55,214,10
55,169,2
55,183,10
55,209,5
55,176,7
55,193,4
55,205,1
55,194,2
55,216,5
55,192,5
55,167,9
55,206,4
55,199,7
55,182,6
55,215,8
55,176,8
55,193,2
55,182,1
55,217,8
55,217,1
55,199,2
55,216,3
55,211,1
55,195,5
55,185,3
55,196,5
55,224,6
55,207,8
55,188,1
55,172,3
55,177,1
55,218,1
55,207,4
55,182,4
55,225,8
55,211,8
55,224,4
55,212,7
55,211,2
55,172,7
55,180,8
55,196,1
55,181,7
55,198,8
55,186,7
55,202,7
55,201,1
55,211,4
55,169,4
55,205,5
55,226,7
55,184,9
55,187,4
55,169,9
55,203,2
56,196,4
56,218,8
56,183,10
56,197,7
56,188,7
56,174,10
56,187,6
56,180,3
56,187,3
56,200,1
56,167,8
56,179,5
56,192,8
56,217,3
56,177,5
56,179,4
56,177,1
56,173,1
56,182,8
56,179,8
56,205,9
56,187,9
56,168,6
56,220,3
56,223,1
56,205,5
56,210,6
56,167,1
56,220,1
56,167,10
56,201,5
56,216,10
56,171,7
56,196,9
56,194,9
56,179,6
56,207,5
56,204,5
56,216,8
56,223,10
56,226,1
56,177,9
56,216,2
56,225,9
56,181,2
56,190,10
56,210,9
56,196,2
56,223,5
56,171,1
56,226,2
56,177,2
56,188,6
56,181,10
56,173,7
56,202,1
56,219,5
56,203,5
56,209,7
56,218,1
56,192,9
56,169,7
56,208,4
56,228,10
56,188,5
56,167,4
56,204,10
56,218,5
56,222,8
56,199,2
56,210,3
57,67,1
57,33,3
57,75,7
57,78,8
57,193,8
57,199,2
57,167,3
57,197,6
57,191,6
57,201,4
57,217,7
57,208,2
57,196,4
57,225,2
57,196,10
57,198,6
57,201,9
57,197,2
57,189,1
57,169,8
57,227,9
57,180,2
57,191,10
57,167,10
57,213,8
57,167,1
57,205,4
57,209,10
57,214,2
57,219,2
57,210,7
57,208,8
57,187,9
57,180,9
57,220,8
57,213,1
57,184,9
57,222,5
57,169,10
57,204,10
57,192,10
57,179,3
57,172,3
57,188,6
57,211,2
57,224,7
57,180,1
57,219,1
57,169,9
57,220,3
57,179,6
57,225,9
57,207,4
57,228,9
57,216,4
57,219,3
57,204,1
57,227,2
57,226,4
57,202,8
57,217,4
57,173,1
57,188,7
58,84,10
58,174,5
58,191,9
58,180,6
58,207,1
58,178,5
58,224,4
58,209,6
58,197,10
58,199,2
58,189,1
58,186,10
58,189,5
58,187,4
58,215,2
58,226,1
58,222,10
58,219,3
58,204,1
58,216,10
58,226,2
58,173,8
58,180,1
58,191,7
58,215,1
58,206,6
58,218,6
58,206,9
58,221,6
58,201,8
58,195,3
58,170,6
58,226,5
58,223,10
58,207,5
58,188,9
58,188,6
58,214,2
58,193,10
58,223,5
58,222,7
58,228,3
58,213,2
58,179,5
58,194,6
58,178,8
58,225,6
58,186,2
58,228,5
58,194,1
58,175,3
58,220,10
58,195,8
58,187,3
58,173,1
58,190,5
58,213,7
58,203,1
59,43,3
59,43,7
59,99,9
59,197,1
59,158,4
59,215,3
59,220,4
59,180,9
59,226,5
59,179,5
59,224,2
59,173,5
59,216,9
59,211,8
59,213,7
59,183,10
59,191,4
59,187,4
59,197,10
59,203,6
59,192,10
59,195,2
59,171,3
59,182,1
59,215,8
59,219,2
59,177,7
59,225,7
59,221,8
59,179,7
59,181,6
59,176,8
59,175,7
59,208,2
59,196,6
59,210,7
59,177,5
59,199,2
59,178,9
59,180,1
59,193,7
59,204,6
59,173,2
59,198,3
59,202,9
59,188,1
59,212,4
59,176,3
59,210,10
59,206,2
59,193,10
59,184,6
59,215,5
59,174,9
59,214,2
59,175,8
59,188,9
59,207,2
59,200,4
59,170,6
59,191,6
59,194,8
60,107,1
60,153,10
60,192,7
60,206,1
60,189,3
60,200,7
60,196,4
60,179,4
60,170,1
60,184,4
60,182,6
60,175,10
60,209,4
60,189,5
60,187,8
60,198,3
60,221,9
60,192,6
60,207,2
60,209,6
60,228,7
60,174,3
60,185,8
60,203,7
60,191,3
60,172,5
60,196,6
60,218,9
60,187,2
60,225,7
60,167,8
60,223,5
60,202,2
60,169,8
60,182,2
60,204,1
60,210,10
60,212,2
60,178,1
60,212,8
60,198,1
60,226,10
60,173,7
60,174,5
60,180,10
60,210,5
60,188,6
60,195,1
60,227,8
60,188,10
60,186,2
60,179,10
60,203,10
60,182,3
61,45,3
61,22,3
61,187,2
61,180,7
61,187,9
61,200,3
61,190,9
61,225,1
61,227,9
61,226,3
61,222,1
61,168,10
61,221,3
61,224,9
61,169,3
61,223,3
61,207,10
61,215,2
61,216,6
61,192,4
61,188,7
61,169,5
61,194,4
61,188,5
61,205,1
61,213,9
61,208,4
61,178,6
61,217,6
61,212,3
61,187,5
61,173,9
61,225,4
61,228,5
61,186,6
61,208,1
61,219,8
61,191,8
61,224,1
61,172,3
61,167,9
61,181,9
61,192,7
61,174,9
61,186,8
61,207,6
61,189,1
61,168,2
61,193,5
61,178,4
61,223,7
61,196,4
61,218,2
61,181,1
61,168,6
61,189,2
61,208,10
61,167,4
61,186,5
61,182,1
61,187,3
61,216,4
62,58,4
62,108,4
62,9,7
62,74,7
62,118,7
62,124,7
62,59,8
62,174,2
62,225,9
62,184,3
62,203,9
62,209,3
62,226,2
62,217,2
62,172,9
62,214,9
62,189,6
62,171,1
62,206,3
62,206,4
62,219,3
62,227,2
62,170,10
62,217,7
62,186,2
62,200,1
62,172,10
62,189,1
62,186,7
62,189,5
62,184,5
62,214,8
62,206,1
62,190,5
62,174,7
62,224,10
62,199,2
62,193,9
62,177,10
62,208,7
62,185,10
62,173,6
62,175,8
62,170,7
62,176,3
62,183,10
62,199,6
62,174,4
62,216,6
62,194,7
62,189,10
62,192,5
62,228,9
62,221,4
62,218,3
62,188,1
62,223,2
62,200,6
62,186,6
62,168,3
62,211,6
62,172,4
62,211,4
62,179,3
62,193,3
62,175,3
62,208,4
62,212,6
62,180,1
62,215,2
62,169,5
62,190,7
62,226,8
62,220,8
62,180,10
62,175,10
63,17,6
63,7,9
63,61,10
63,197,9
63,167,6
63,226,7
63,184,8
63,173,10
63,190,6
63,220,6
63,183,10
63,208,6
63,197,3
63,194,7
63,197,5
63,204,1
63,227,4
63,191,9
63,198,2
63,206,5
63,192,3
63,223,5
63,189,8
63,194,9
63,167,5
63,174,1
63,208,9
63,193,7
63,212,2
63,181,6
63,216,5
63,182,1
63,189,3
63,190,4
63,182,2
63,168,1
63,187,6
63,172,9
63,183,8
63,192,10
63,177,1
63,215,4
63,167,8
63,181,1
63,210,4
63,195,4
63,219,9
63,225,5
63,212,7
63,216,7
63,177,5
63,172,6
63,204,4
63,220,4
63,204,5
63,186,7
63,181,10
63,204,10
63,223,9
63,203,3
63,190,10
63,208,5
63,193,4
63,226,6
63,228,7
63,167,3
63,186,3
63,222,6
64,23,2
64,18,5
64,226,2
64,220,4
64,222,6
64,181,8
64,193,2
64,193,3
64,225,5
64,216,4
64,215,4
64,185,10
64,199,5
64,187,6
64,218,9
64,168,6
64,184,6
64,168,7
64,182,4
64,172,6
64,199,2
64,219,9
64,179,1
64,216,2
64,186,5
64,168,1
64,217,2
64,208,9
64,189,9
64,220,6
64,226,9
64,212,9
64,217,5
64,227,1
64,204,7
64,198,10
64,207,1
64,225,6
64,181,10
64,206,1
64,197,9
64,167,8
64,203,8
64,221,5
64,175,3
64,173,6
64,220,3
64,193,5
64,218,6
64,217,4
64,179,6
64,220,2
64,217,6
64,183,10
64,172,7
64,207,2
64,177,4
64,212,3
65,48,7
65,216,6
65,149,4
65,226,5
65,195,10
65,223,8
65,216,4
65,175,6
65,219,9
65,180,8
65,208,4
65,178,5
65,217,4
65,208,1
65,210,4
65,185,4
65,212,1
65,211,2
65,225,3
65,197,9
65,189,7
65,214,10
65,218,7
65,191,7
65,184,5
65,203,1
65,182,4
65,202,3
65,192,3
65,187,8
65,187,1
65,183,8
65,186,7
65,190,4
65,201,2
65,209,3
65,167,3
65,174,6
65,218,8
65,192,5
65,179,1
65,203,8
65,201,10
65,181,5
65,225,9
65,178,9
65,211,4
65,198,6
65,176,6
65,184,9
65,194,10
65,199,2
65,181,6
65,167,10
65,189,8
65,190,2
65,177,10
65,196,5
65,202,6
65,194,3
65,194,6
65,200,3
65,180,2
65,189,1
65,181,9
65,227,5
65,224,5
65,172,6
65,212,5
65,186,1
65,197,7
65,184,3
65,174,5
65,167,8
65,173,8
65,177,1
66,92,7
66,188,7
66,226,9
66,228,4
66,198,6
66,222,2
66,210,2
66,215,1
66,227,6
66,183,7
66,201,8
66,210,9
66,170,8
66,180,4
66,176,10
66,221,4
66,204,4
66,228,5
66,182,10
66,195,8
66,192,7
66,195,2
66,228,9
66,207,5
66,176,6
66,187,2
66,207,9
66,228,2
66,208,3
66,178,7
66,201,2
66,225,7
66,180,8
66,217,3
66,194,3
66,168,6
66,184,9
66,220,1
66,177,2
66,183,6
66,176,7
66,175,6
66,168,2
66,174,5
66,197,9
66,171,4
66,188,6
66,202,5
66,215,2
66,214,8
66,224,3
66,216,10
66,194,5
66,210,8
66,170,6
66,217,4
66,215,3
67,47,4
67,16,9
67,171,3
67,188,9
67,183,3
67,188,9
67,175,7
67,226,4
67,228,1
67,227,4
67,205,2
67,205,4
67,214,7
67,173,10
67,220,7
67,176,2
67,183,10
67,190,7
67,198,5
67,227,8
67,209,7
67,181,5
67,196,7
67,179,6
67,196,10
67,175,10
67,216,1
67,180,5
67,196,6
67,188,1
67,169,9
67,228,5
67,182,10
67,219,10
67,188,7
67,213,10
67,193,9
67,176,8
67,207,3
67,177,4
67,215,10
67,219,7
67,217,9
67,213,4
67,197,3
67,221,6
67,189,2
67,225,5
67,221,3
67,183,6
67,169,6
67,177,5
67,191,3
67,228,9
67,203,6
67,214,3
67,200,5
67,170,2
67,195,10
67,193,3
67,183,7
67,226,7
67,189,1
67,212,6
67,196,8
67,205,1
67,196,9
67,168,7
67,189,10
67,202,6
67,212,10
67,195,9
67,180,8
68,76,4
68,47,5
68,22,10
68,180,3
68,172,5
68,180,2
68,186,8
68,212,4
68,222,8
68,215,5
68,225,8
68,205,6
68,191,1
68,206,1
68,218,10
68,167,7
68,192,10
68,171,8
68,211,7
68,206,4
68,228,6
68,195,7
68,227,9
68,184,6
68,187,1
68,168,2
68,211,6
68,196,6
68,220,9
68,210,5
68,203,2
68,172,2
68,189,9
68,204,2
68,180,5
68,169,2
68,209,8
68,189,8
68,227,10
68,184,5
68,177,5
68,218,7
68,228,1
68,177,8
68,185,1
68,223,2
68,209,6
68,217,4
68,228,10
68,173,6
68,200,8
68,224,6
68,203,1
68,179,8
68,224,3
68,190,8
68,172,4
68,188,8
68,215,10
68,177,3
68,169,1
68,193,10
68,220,7
68,186,3
68,184,10
68,214,4
68,183,9
68,176,10
68,189,1
68,217,5
68,214,9
68,174,3
68,203,4
69,126,4
69,46,9
69,23,10
69,25,10
69,218,3
69,209,5
69,194,6
69,204,8
69,168,5
69,206,6
69,200,10
69,215,8
69,201,2
69,170,7
69,197,2
69,169,1
69,205,8
69,194,10
69,226,1
69,218,3
69,186,6
69,208,1
69,197,8
69,207,3
69,179,3
69,224,3
69,215,10
69,217,10
69,223,2
69,225,5
69,171,10
69,203,10
69,174,5
69,220,3
69,226,2
69,194,7
69,177,4
69,178,10
69,193,6
69,184,4
69,215,2
69,179,4
69,167,4
69,176,4
69,185,5
69,170,3
69,228,10
69,189,7
69,210,6
69,189,1
69,221,7
69,180,2
69,220,5
69,181,1
69,175,7
69,178,5
69,177,3
69,210,2
69,183,6
69,186,5
69,205,2
69,205,9
69,207,6
69,199,7
69,186,8
69,186,3
69,208,10
69,192,5
69,168,9
70,16,2
70,122,3
70,68,4
70,56,5
70,18,7
70,7,8
70,83,9
70,217,3
70,185,10
70,223,2
70,169,6
70,179,10
70,188,7
70,227,3
70,172,9
70,192,7
70,202,8
70,212,1
70,215,10
70,216,4
70,195,9
70,211,9
70,202,9
70,207,8
70,186,4
70,221,1
70,223,5
70,183,8
70,207,1
70,225,9
70,198,4
70,171,2
70,201,9
70,205,8
70,175,6
70,222,4
70,212,10
70,177,10
70,174,3
70,206,6
70,168,3
70,205,10
70,218,3
70,193,2
70,188,6
70,218,4
70,180,5
70,172,8
70,217,9
70,227,6
70,200,1
70,168,4
70,170,9
70,179,8
70,200,7
70,210,5
70,193,3
70,198,6
70,225,1
70,169,7
70,204,3
70,218,1
71,53,3
71,50,4
71,7,8
71,1,10
71,162,6
71,197,1
71,155,10
71,200,1
71,184,10
71,192,7
71,189,8
71,177,4
71,179,5
71,175,1
71,210,6
71,182,4
71,192,8
71,204,9
71,194,4
71,171,5
71,217,1
71,179,7
71,212,7
71,167,2
71,210,1
71,184,9
71,177,9
71,185,7
71,201,4
71,184,6
71,204,6
71,205,2
71,219,1
71,227,10
71,203,3
71,209,6
71,179,10
71,170,10
71,214,8
71,192,4
71,208,6
71,226,9
71,218,2
71,193,5
71,183,1
71,217,7
71,171,10
71,191,8
71,221,4
71,201,7
71,175,3
71,169,3
71,217,4
71,215,9
71,185,1
71,189,9
71,211,6
71,208,9
71,170,1
71,201,9
71,184,3
71,226,2
71,172,8
71,223,2
71,215,6
71,168,7
71,180,6
71,197,1
71,218,10
71,203,9
71,170,4
72,200,7
72,213,3
72,181,6
72,185,1
72,186,2
72,195,8
72,169,5
72,167,4
72,176,4
72,210,8
72,204,10
72,177,8
72,218,8
72,207,7
72,177,10
72,213,7
72,202,8
72,204,6
72,204,1
72,226,10
72,192,5
72,227,9
72,167,10
72,175,3
72,214,10
72,216,4
72,194,4
72,173,5
72,222,7
72,214,3
72,204,8
72,176,10
72,176,7
72,198,5
72,208,8
72,192,10
72,175,8
72,202,10
72,197,1
72,219,10
72,221,8
72,178,6
72,181,4
72,198,9
72,207,4
72,191,6
72,186,4
72,167,7
72,186,3
72,212,7
72,221,10
72,202,6
72,211,4
72,198,1
72,223,7
72,218,5
72,170,8
72,200,9
72,210,6
72,201,2
72,178,5
72,216,10
72,172,2
72,168,6
72,168,4
73,56,1
73,135,7
73,5,7
73,210,2
73,189,4
73,218,5
73,188,1
73,172,7
73,188,6
73,179,6
73,172,2
73,176,9
73,217,5
73,208,8
73,177,9
73,185,6
73,227,5
73,189,2
73,209,7
73,181,6
73,227,2
73,171,4
73,212,1
73,204,1
73,221,6
73,225,7
73,196,9
73,186,4
73,192,6
73,173,1
73,202,6
73,198,5
73,184,5
73,203,8
73,206,2
73,211,1
73,202,9
73,205,9
73,206,5
73,175,3
73,170,1
73,192,8
73,179,10
73,214,7
73,182,10
73,169,7
73,209,8
73,201,10
73,207,5
73,175,7
73,201,7
73,220,9
73,189,5
73,211,10
73,207,8
73,168,6
73,183,5
73,218,8
73,176,8
73,224,1
73,211,4
73,172,8
74,56,3
74,132,6
74,44,6
74,208,3
74,203,5
74,217,7
74,224,6
74,212,6
74,189,4
74,191,4
74,203,8
74,226,2
74,196,10
74,170,4
74,194,9
74,185,10
74,208,7
74,179,7
74,227,2
74,173,2
74,181,10
74,181,4
74,185,1
74,222,7
74,199,2
74,205,3
74,192,9
74,209,4
74,177,5
74,182,9
74,194,10
74,199,7
74,185,3
74,209,10
74,199,1
74,204,3
74,207,1
74,189,5
74,189,6
74,170,6
74,180,2
74,216,4
74,224,8
74,191,8
74,218,2
74,168,3
74,173,10
74,228,10
74,204,6
74,204,5
74,172,9
74,218,5
74,187,2
74,208,4
74,202,4
74,198,4
74,211,4
74,200,7
74,190,8
74,225,5
74,228,9
74,201,7
74,195,8
74,168,7
74,224,4
74,227,1
74,206,1
74,171,1
74,206,10
74,201,6
74,223,5
74,215,3
74,197,4
74,228,5
74,207,3
74,197,1
74,212,7
74,205,1
74,194,6
75,37,2
75,12,3
75,188,9
75,175,6
75,204,9
75,177,1
75,178,3
75,207,9
75,208,6
75,174,8
75,184,9
75,196,2
75,194,5
75,187,10
75,176,7
75,223,10
75,178,4
75,179,10
75,173,5
75,197,10
75,219,2
75,209,10
75,181,5
75,228,7
75,192,7
75,182,10
75,184,5
75,197,7
75,185,10
75,189,7
75,181,9
75,182,8
75,199,5
75,181,2
75,223,2
75,180,10
75,175,2
75,188,6
75,187,2
75,207,2
75,214,9
75,216,4
75,228,6
75,218,3
75,185,4
75,173,3
75,221,10
75,192,9
75,222,8
75,195,6
75,209,7
75,218,7
75,171,3
75,175,1
75,214,10
75,188,9
75,208,1
75,217,2
75,173,8
75,217,10
75,213,10
75,175,3
75,226,6
75,191,7
75,189,5
76,23,1
76,115,5
76,173,2
76,204,1
76,215,10
76,178,5
76,202,10
76,208,6
76,220,3
76,212,4
76,226,6
76,196,2
76,221,10
76,184,5
76,198,6
76,225,2
76,167,7
76,226,5
76,199,8
76,222,7
76,195,3
76,197,8
76,170,10
76,217,6
76,172,1
76,180,6
76,209,6
76,203,2
76,176,1
76,219,10
76,214,10
76,174,8
76,223,5
76,176,5
76,176,8
76,181,9
76,173,2
76,188,4
76,223,3
76,199,6
76,203,8
76,186,7
76,168,7
76,210,8
76,226,3
76,190,8
76,186,10
76,187,10
76,169,2
76,200,10
76,178,7
76,223,10
76,172,2
76,181,2
76,228,1
76,186,3
76,174,2
76,194,10
76,217,3
76,181,1
76,217,7
76,167,5
76,219,1
76,185,5
76,201,5
76,183,1
76,175,8
76,220,10
76,196,10
76,210,2
76,185,3
76,169,7
76,185,8
76,177,4
76,173,9
76,215,5
76,214,4
76,194,3
76,188,3
77,3,1
77,20,4
77,6,6
77,123,10
77,228,8
77,182,4
77,149,10
77,199,4
77,177,10
77,213,7
77,213,9
77,222,5
77,199,4
77,196,8
77,223,10
77,221,1
77,181,7
77,208,2
77,205,7
77,169,4
77,219,3
77,220,9
77,213,2
77,195,4
77,180,9
77,215,7
77,197,7
77,211,1
77,211,9
77,168,10
77,170,3
77,168,6
77,224,10
77,189,9
77,201,8
77,223,9
77,203,10
77,204,7
77,212,9
77,200,5
77,214,2
77,209,8
77,222,3
77,217,1
77,228,4
77,209,4
77,219,8
77,191,3
77,199,2
77,168,7
77,222,9
77,220,7
77,179,3
77,202,3
77,193,5
77,174,4
77,220,5
77,178,7
77,223,1
77,219,7
77,173,4
77,183,3
77,205,10
77,188,5
77,200,9
77,227,9
77,173,3
77,190,10
77,180,1
77,186,2
77,172,6
77,169,1
78,21,4
78,32,10
78,208,9
78,211,10
78,185,10
78,178,7
78,185,7
78,226,5
78,218,4
78,212,5
78,168,2
78,193,9
78,226,3
78,209,7
78,179,6
78,170,1
78,215,9
78,218,5
78,211,3
78,199,6
78,225,5
78,182,4
78,223,3
78,224,3
78,193,1
78,167,6
78,208,4
78,224,8
78,227,5
78,187,7
78,209,8
78,183,8
78,176,7
78,206,7
78,212,10
78,227,1
78,170,7
78,179,9
78,174,3
78,179,2
78,207,6
78,225,7
78,171,5
78,187,2
78,189,9
78,184,1
78,210,1
78,181,4
78,195,9
78,180,7
78,222,9
78,213,4
78,175,1
78,198,1
78,212,9
78,172,8
78,169,4
78,200,7
78,193,2
78,203,3
78,213,3
78,187,3
78,216,7
78,173,4
78,167,4
78,209,6
78,217,3
78,207,10
78,205,2
78,213,7
78,214,9
78,175,6
78,168,6
78,179,7
78,178,3
78,198,2
78,228,4
78,208,6
78,171,2
78,201,10
78,174,2
79,36,6
79,15,8
79,146,7
79,211,3
79,194,10
79,197,5
79,196,7
79,223,8
79,211,5
79,203,7
79,228,1
79,209,9
79,171,6
79,222,2
79,207,2
79,169,7
79,192,4
79,201,6
79,182,7
79,188,4
79,213,3
79,192,6
79,227,10
79,189,7
79,168,1
79,202,1
79,205,5
79,192,3
79,224,5
79,195,6
79,200,6
79,184,9
79,227,3
79,199,4
79,219,1
79,197,2
79,192,7
79,167,1
79,195,10
79,180,8
79,220,9
79,206,1
79,190,4
79,215,10
79,204,6
79,204,8
79,211,4
79,220,6
79,174,1
79,222,4
79,222,8
79,202,3
79,183,8
79,212,8
79,175,1
79,205,1
79,171,9
79,210,4
79,209,8
79,214,1
79,223,5
79,167,7
79,172,1
79,208,7
79,207,9
79,215,2
80,112,4
80,66,5
80,56,7
80,49,8
80,103,9
80,49,9
80,21,10
80,146,6
80,227,2
80,173,6
80,174,1
80,197,10
80,221,2
80,179,4
80,197,8
80,168,9
80,215,3
80,191,8
80,203,6
80,217,7
80,187,5
80,180,3
80,222,5
80,197,5
80,178,6
80,219,1
80,203,3
80,182,5
80,226,4
80,186,9
80,212,1
80,194,2
80,211,2
80,216,1
80,214,8
80,227,10
80,175,7
80,170,3
80,181,2
80,221,5
80,168,8
80,212,6
80,194,4
80,212,3
80,222,10
80,181,7
80,198,9
80,219,2
80,213,10
80,217,1
80,185,9
80,210,4
80,202,2
80,199,6
80,195,9
80,226,1
80,180,2
80,204,2
80,192,4
80,221,4
80,180,7
80,186,2
80,225,10
80,188,10
81,63,3
81,65,3
81,157,8
81,190,5
81,189,10
81,215,8
81,211,6
81,170,4
81,218,4
81,184,6
81,213,4
81,206,1
81,195,9
81,194,7
81,185,6
81,228,10
81,170,3
81,168,4
81,211,1
81,215,6
81,225,9
81,222,1
81,203,6
81,200,7
81,191,6
81,202,6
81,180,6
81,173,2
81,189,2
81,173,6
81,192,9
81,200,4
81,201,9
81,179,8
81,225,4
81,214,10
81,194,1
81,223,9
81,216,1
81,219,5
81,188,5
81,224,8
81,178,9
81,188,9
81,179,9
81,204,4
81,216,5
81,198,8
81,215,5
81,200,10
81,212,7
81,224,1
81,215,2
81,211,7
81,210,10
81,183,10
81,204,1
81,205,6
81,206,10
81,190,5
81,196,1
81,212,4
81,168,6
81,185,1
81,188,6
81,216,2
81,179,4
81,171,5
81,193,9
81,216,9
82,12,4
82,16,4
82,27,4
82,87,7
82,8,10
82,206,2
82,179,5
82,216,1
82,217,6
82,195,6
82,209,1
82,220,5
82,169,1
82,221,8
82,206,3
82,181,9
82,196,4
82,202,8
82,183,2
82,188,7
82,183,6
82,227,6
82,207,6
82,174,7
82,169,3
82,214,3
82,169,6
82,197,4
82,173,7
82,185,2
82,188,9
82,225,6
82,192,7
82,210,2
82,212,5
82,226,4
82,173,4
82,217,10
82,211,4
82,172,1
82,179,10
82,200,6
82,227,5
82,173,6
82,191,9
82,169,7
82,205,5
82,175,3
82,226,9
82,214,1
82,175,5
82,183,4
82,204,9
82,174,5
82,172,3
82,194,2
82,203,2
82,213,5
83,79,1
83,41,5
83,193,9
83,203,9
83,202,7
83,224,8
83,191,5
83,176,9
83,210,9
83,220,7
83,194,10
83,183,10
83,189,8
83,206,4
83,209,6
83,216,8
83,185,5
83,198,9
83,170,7
83,194,9
83,227,4
83,171,5
83,215,7
83,181,10
83,168,8
83,200,4
83,197,1
83,204,10
83,190,5
83,228,3
83,178,7
83,171,6
83,168,6
83,168,5
83,225,5
83,193,2
83,172,6
83,213,1
83,225,2
83,195,9
83,191,3
83,219,1
83,202,10
83,171,10
83,210,7
83,221,5
83,224,1
83,196,9
83,199,6
83,228,4
83,197,8
83,193,9
83,186,3
83,182,6
83,199,3
83,168,4
83,219,6
83,223,2
84,18,10
84,224,6
84,191,9
84,215,8
84,169,8
84,211,6
84,215,9
84,215,4
84,173,4
84,177,9
84,223,10
84,204,1
84,195,8
84,206,2
84,173,1
84,219,6
84,169,1
84,224,2
84,174,8
84,171,9
84,171,2
84,186,5
84,223,1
84,193,5
84,204,7
84,193,6
84,219,3
84,207,8
84,196,8
84,187,1
84,205,3
84,216,8
84,194,5
84,218,4
84,187,7
84,199,3
84,211,2
84,210,9
84,199,8
84,228,5
84,190,6
84,195,1
84,216,1
84,198,8
84,210,10
84,206,8
84,220,4
84,214,7
84,214,3
84,190,5
84,167,8
84,216,5
84,185,9
84,176,8
84,188,10
84,225,4
84,195,6
84,198,5
84,188,2
84,221,4
84,218,7
84,204,10
84,207,9
84,183,7
84,211,4
84,172,1
84,185,6
84,184,8
84,169,3
84,189,10
84,192,3
84,172,2
85,47,9
85,211,3
85,160,4
85,171,5
85,204,6
85,212,5
85,226,5
85,190,7
85,182,10
85,171,2
85,215,2
85,169,10
85,185,5
85,181,1
85,202,6
85,205,3
85,186,2
85,203,8
85,217,3
85,195,5
85,180,9
85,169,1
85,192,1
85,202,2
85,182,6
85,208,5
85,187,8
85,172,8
85,213,5
85,205,1
85,211,1
85,226,2
85,221,5
85,178,8
85,217,2
85,174,5
85,223,10
85,223,5
85,189,3
85,208,1
85,173,8
85,172,4
85,179,2
85,182,9
85,173,7
85,201,1
85,213,7
85,205,8
85,191,9
85,228,7
85,200,6
85,176,8
85,207,5
85,222,5
85,175,9
85,213,9
85,218,10
85,169,5
85,187,5
85,170,6
85,175,1
85,184,1
85,194,8
85,172,1
85,225,1
85,211,3
85,225,7
85,216,5
85,219,2
85,177,10
85,181,9
85,205,4
85,224,8
85,211,7
85,176,7
85,227,4
86,24,1
86,31,6
86,169,10
86,194,5
86,206,9
86,174,8
86,221,8
86,171,1
86,220,6
86,198,10
86,194,4
86,205,6
86,187,10
86,167,7
86,194,7
86,185,10
86,204,1
86,202,3
86,213,1
86,215,4
86,204,6
86,180,7
86,228,6
86,189,9
86,216,8
86,206,6
86,171,3
86,221,3
86,189,7
86,208,7
86,216,6
86,203,3
86,179,10
86,223,8
86,208,9
86,227,8
86,192,3
86,173,1
86,225,5
86,198,8
86,177,1
86,228,2
86,179,3
86,221,5
86,214,1
86,192,2
86,205,9
86,181,6
86,175,2
86,170,7
86,168,7
86,195,9
86,226,7
86,224,6
86,214,4
86,224,1
86,170,4
86,225,9
86,186,7
86,214,8
86,201,3
86,169,7
86,194,5
86,185,6
86,180,1
86,190,8
86,186,5
86,217,7
87,29,1
87,137,4
87,156,9
87,220,7
87,205,2
87,217,8
87,191,2
87,223,2
87,186,4
87,183,4
87,170,7
87,189,5
87,202,2
87,175,9
87,197,9
87,202,10
87,200,3
87,209,2
87,181,2
87,187,4
87,173,8
87,194,9
87,177,3
87,168,6
87,173,7
87,214,10
87,196,1
87,206,8
87,227,10
87,209,8
87,205,1
87,213,2
87,192,10
87,226,3
87,223,1
87,198,6
87,167,9
87,218,9
87,203,1
87,228,5
87,182,10
87,201,3
87,226,4
87,227,8
87,209,3
87,222,8
87,182,8
87,201,7
87,170,4
87,176,1
87,223,7
87,190,8
87,183,2
87,187,1
87,209,9
87,226,7
88,5,3
88,10,6
88,48,9
88,142,3
88,227,10
88,198,1
88,190,8
88,190,5
88,181,8
88,198,9
88,182,5
88,189,6
88,197,9
88,182,4
88,225,5
88,192,10
88,224,6
88,179,3
88,172,6
88,181,4
88,227,2
88,189,9
88,169,8
88,214,3
88,172,5
88,209,10
88,187,10
88,182,6
88,208,8
88,220,6
88,218,1
88,173,10
88,213,2
88,184,4
88,173,5
88,168,1
88,189,5
88,223,6
88,185,10
88,210,6
88,173,3
88,197,7
88,192,7
88,208,5
88,191,4
88,193,1
88,188,4
88,217,6
88,219,5
88,176,7
88,200,5
88,177,2
88,193,4
88,180,8
88,174,10
88,190,7
88,178,1
88,184,3
88,172,2
88,215,1
88,191,5
88,213,10
88,228,4
88,184,6
88,194,1
88,177,9
88,214,6
88,228,10
88,193,7
88,175,9
88,197,10
89,120,6
89,3,7
89,145,8
89,212,10
89,206,6
89,167,9
89,205,7
89,200,1
89,174,4
89,174,6
89,167,7
89,209,2
89,190,1
89,215,1
89,227,6
89,225,10
89,226,10
89,196,8
89,217,6
89,195,2
89,177,3
89,187,5
89,197,8
89,203,3
89,183,1
89,208,6
89,211,8
89,215,5
89,179,7
89,197,3
89,205,3
89,188,2
89,219,5
89,181,6
89,205,2
89,204,3
89,194,7
89,205,10
89,216,3
89,176,10
89,170,7
89,223,9
89,207,7
89,172,2
89,171,8
89,168,2
89,183,4
89,173,5
89,222,6
89,175,9
89,202,10
89,215,4
89,194,8
89,175,2
89,168,7
90,4,6
90,75,6
90,126,10
90,142,5
90,147,4
90,159,4
90,170,10
90,190,10
90,202,5
90,175,9
90,194,1
90,179,3
90,205,4
90,210,9
90,217,5
90,183,6
90,190,8
90,174,5
90,176,8
90,217,3
90,227,1
90,214,3
90,206,8
90,214,10
90,213,8
90,190,7
90,222,6
90,199,6
90,185,9
90,205,6
90,172,8
90,179,2
90,178,10
90,171,6
90,221,10
90,201,1
90,186,2
90,188,1
90,187,9
90,173,8
90,199,1
90,228,10
90,201,8
90,173,5
90,200,9
90,167,7
90,209,10
90,197,9
90,177,5
90,196,1
90,188,4
90,182,5
90,211,7
90,209,8
90,176,5
90,169,5
90,195,1
90,194,7
90,169,1
91,192,1
91,223,10
91,186,3
91,207,2
91,182,10
91,179,1
91,177,2
91,186,2
91,227,3
91,212,2
91,199,5
91,227,1
91,204,7
91,174,3
91,181,1
91,221,8
91,177,9
91,206,3
91,190,10
91,177,8
91,176,2
91,182,8
91,210,7
91,222,5
91,198,6
91,204,2
91,179,8
91,210,8
91,195,4
91,196,7
91,181,7
91,174,8
91,178,10
91,219,6
91,198,10
91,185,4
91,185,10
91,198,2
91,226,3
91,213,4
91,228,1
91,223,7
91,197,4
91,203,10
91,198,9
91,220,9
91,224,1
91,214,3
91,181,2
91,194,1
91,207,4
92,6,1
92,64,3
92,53,5
92,62,6
92,105,9
92,204,4
92,212,1
92,168,3
92,206,9
92,171,7
92,169,5
92,168,10
92,192,10
92,193,9
92,181,8
92,214,3
92,210,6
92,189,1
92,172,8
92,222,10
92,167,5
92,186,1
92,211,8
92,172,4
92,209,9
92,214,2
92,181,6
92,224,10
92,203,5
92,192,9
92,170,7
92,215,8
92,203,8
92,169,10
92,186,8
92,213,8
92,186,2
92,170,4
92,174,5
92,179,1
92,220,5
92,207,8
92,175,8
92,179,4
92,208,8
92,225,10
92,223,4
92,167,4
92,188,6
92,221,6
92,180,3
92,196,8
92,184,6
92,189,8
92,188,5
92,214,7
92,214,9
92,219,4
92,169,8
92,222,8
92,170,8
92,209,4
92,202,3
92,206,1
92,173,8
92,173,7
92,198,9
92,197,2
92,202,4
92,223,7
92,177,7
92,212,9
92,202,9
92,210,8
92,190,10
92,215,7
92,176,3
93,130,5
93,18,9
93,125,10
93,195,7
93,166,1
93,146,9
93,190,6
93,200,2
93,226,6
93,179,10
93,201,3
93,217,1
93,213,3
93,221,7
93,207,1
93,227,6
93,211,4
93,178,3
93,180,6
93,214,4
93,223,5
93,172,1
93,183,10
93,191,6
93,212,7
93,190,9
93,185,9
93,226,9
93,193,7
93,187,1
93,210,10
93,177,3
93,205,5
93,203,9
93,204,10
93,195,9
93,169,5
93,203,8
93,170,5
93,211,9
93,203,7
93,219,7
93,194,6
93,193,8
93,190,10
93,183,7
93,224,6
93,191,8
93,206,3
93,227,1
93,224,8
93,179,2
93,188,4
93,203,3
93,225,9
93,226,2
93,191,3
93,214,5
93,168,6
93,187,6
93,224,1
93,187,2
93,209,8
93,206,2
93,225,8
93,173,8
93,203,4
93,221,10
93,167,4
93,219,3
93,178,8
93,205,7
93,181,2
93,225,7
93,186,9
93,184,9
94,5,2
94,48,3
94,117,4
94,154,2
94,168,9
94,218,4
94,223,2
94,213,4
94,226,8
94,228,10
94,224,10
94,185,3
94,169,9
94,205,10
94,225,10
94,171,8
94,167,8
94,200,4
94,196,2
94,193,1
94,228,8
94,176,9
94,194,7
94,187,4
94,218,2
94,179,7
94,167,4
94,177,9
94,203,7
94,192,7
94,191,9
94,203,1
94,182,8
94,184,4
94,206,10
94,203,3
94,224,8
94,208,10
94,182,1
94,192,3
94,205,3
94,181,7
94,167,7
94,186,8
94,184,10
94,225,7
94,216,1
94,182,7
94,205,2
94,172,1
94,175,1
94,188,5
94,194,5
94,226,7
94,173,8
94,228,2
94,204,5
94,176,7
94,183,10
94,204,1
94,167,1
94,210,3
94,204,6
94,226,3
94,189,1
94,206,5
94,197,3
94,188,7
94,191,3
94,175,6
94,216,10
94,186,10
95,67,1
95,28,10
95,142,3
95,181,10
95,223,5
95,173,6
95,172,5
95,178,6
95,174,8
95,219,3
95,201,9
95,182,10
95,204,8
95,189,7
95,218,10
95,179,8
95,204,3
95,195,2
95,204,5
95,200,1
95,169,10
95,223,6
95,202,8
95,212,8
95,196,9
95,203,8
95,183,1
95,188,8
95,190,3
95,207,5
95,213,10
95,206,10
95,217,10
95,184,8
95,185,10
95,185,7
95,183,7
95,191,8
95,179,9
95,222,5
95,188,5
95,228,3
95,198,1
95,172,3
95,170,2
95,182,8
95,196,4
95,199,5
95,196,1
95,187,10
95,180,9
95,226,4
95,200,6
95,212,1
95,203,6
95,203,4
95,219,9
95,224,5
95,203,2
95,180,6
95,227,7
95,174,2
95,198,3
95,167,5
95,189,3
95,194,5
95,214,6
95,170,3
96,97,7
96,89,8
96,51,10
96,164,2
96,149,8
96,227,2
96,164,7
96,191,9
96,207,2
96,194,5
96,196,1
96,212,3
96,185,5
96,183,9
96,176,8
96,209,2
96,203,4
96,216,4
96,207,4
96,188,10
96,171,4
96,202,6
96,221,6
96,188,4
96,196,8
96,214,4
96,185,7
96,219,8
96,210,1
96,186,10
96,198,1
96,197,2
96,198,6
96,181,9
96,173,7
96,214,9
96,173,3
96,190,8
96,182,10
96,221,3
96,170,2
96,188,7
96,184,10
96,222,3
96,200,1
96,223,9
96,225,6
96,216,1
96,186,7
96,178,10
96,204,6
96,206,7
96,196,2
96,187,1
96,180,5
97,20,1
97,31,3
97,64,4
97,46,7
97,196,6
97,208,9
97,225,6
97,212,1
97,188,3
97,222,4
97,205,5
97,181,2
97,215,10
97,216,6
97,220,6
97,186,4
97,172,2
97,208,5
97,183,9
97,220,1
97,211,9
97,167,7
97,192,9
97,215,5
97,200,3
97,209,8
97,174,2
97,209,5
97,209,7
97,193,7
97,202,4
97,180,9
97,202,6
97,224,1
97,179,8
97,173,1
97,228,8
97,199,1
97,185,3
97,222,5
97,226,10
97,188,9
97,206,8
97,174,8
97,221,10
97,224,8
97,189,4
97,182,5
97,220,8
97,202,10
97,193,5
97,221,8
97,212,9
97,170,2
97,209,4
97,227,9
97,176,4
97,191,9
97,208,4
97,216,4
97,200,9
97,221,2
97,182,7
97,207,3
97,174,9
97,210,3
97,217,9
97,202,9
97,213,10
97,199,4
97,177,3
98,82,2
98,47,2
98,35,4
98,5,7
98,40,10
98,166,8
98,224,10
98,155,1
98,219,10
98,174,2
98,216,10
98,200,10
98,195,3
98,200,2
98,189,8
98,198,6
98,209,3
98,173,1
98,228,4
98,224,3
98,208,5
98,182,3
98,209,5
98,187,2
98,212,10
98,220,6
98,205,2
98,200,8
98,210,6
98,224,8
98,177,3
98,213,1
98,201,4
98,211,6
98,199,3
98,215,8
98,205,3
98,216,4
98,171,9
98,221,10
98,208,3
98,177,7
98,208,1
98,188,2
98,227,6
98,206,6
98,202,8
98,214,3
98,174,5
98,221,1
98,173,3
98,182,10
98,201,3
98,223,8
98,188,3
98,177,1
98,215,10
98,203,6
98,194,3
98,208,6
98,180,3
98,227,4
98,210,1
98,197,10
98,204,7
98,214,5
98,182,5
98,227,8
98,199,9
98,196,3
98,167,2
98,196,4
98,169,2
98,187,9
98,204,10
98,228,5
99,22,1
99,49,3
99,93,7
99,65,7
99,69,8
99,181,10
99,214,3
99,179,6
99,204,7
99,176,5
99,203,1
99,201,4
99,220,6
99,168,6
99,217,6
99,209,1
99,222,1
99,222,10
99,182,6
99,215,2
99,178,9
99,209,10
99,211,6
99,180,8
99,168,10
99,184,4
99,215,6
99,185,7
99,184,5
99,212,9
99,213,8
99,220,9
99,218,7
99,174,3
99,207,6
99,201,2
99,177,4
99,197,7
99,191,1
99,195,10
99,188,4
99,172,10
99,224,4
99,228,4
99,171,5
99,190,9
99,218,5
99,184,1
99,182,10
99,195,6
100,29,7
100,24,10
100,160,5
100,148,3
100,177,9
100,211,6
100,211,8
100,220,5
100,198,8
100,214,6
100,201,7
100,204,1
100,175,3
100,227,8
100,209,7
100,190,7
100,197,3
100,201,8
100,185,8
100,190,6
100,227,2
100,197,8
100,219,8
100,184,10
100,219,7
100,191,6
100,208,4
100,193,4
100,180,7
100,224,9
100,203,6
100,216,2
100,183,8
100,177,4
100,188,4
100,210,10
100,168,1
100,206,5
100,218,6
100,213,7
100,181,6
100,187,5
100,203,5
100,167,8
100,216,8
100,222,4
100,209,4
100,172,10
100,188,9
100,175,5
100,181,5
100,176,2
100,171,5
100,219,4
100,180,3
100,196,9
100,176,10
100,188,1
100,200,10
100,176,7
100,184,9
100,223,7
100,207,3
100,227,6
100,217,9
100,198,6
100,170,6
100,194,1
100,178,1
100,215,1
101,153,9
101,158,3
101,147,8
101,161,6
101,155,9
101,157,6
101,150,10
101,146,3
101,165,5
101,161,1
101,146,9
101,143,2
101,156,7
101,167,3
101,148,3
101,163,1
101,146,10
101,157,1
101,143,7
101,147,4
101,165,9
101,148,9
101,146,2
101,153,10
101,163,7
101,166,9
101,158,7
102,149,7
102,167,4
102,152,7
102,162,5
102,150,3
102,157,6
102,163,3
102,146,6
102,167,6
102,156,9
102,160,7
102,145,10
102,163,9
102,148,6
102,154,7
102,149,4
102,166,2
102,160,5
102,156,2
102,157,10
102,148,1
102,143,1
102,166,10
102,153,7
102,167,3
102,146,2
102,145,5
102,155,5
102,155,3
102,145,3
102,151,9
102,167,7
102,142,9
103,158,2
103,161,1
103,155,3
103,144,1
103,147,6
103,154,2
103,142,8
103,147,10
103,160,5
103,149,8
103,143,9
103,150,9
103,153,4
103,144,7
103,146,8
103,149,9
103,151,1
103,166,8
103,145,4
103,164,8
103,149,10
103,163,4
103,158,1
103,167,10
103,144,8
103,157,10
104,159,5
104,144,1
104,149,2
104,164,4
104,155,7
104,146,8
104,147,1
104,156,2
104,143,7
104,166,6
104,166,5
104,153,2
104,167,1
104,160,8
104,162,7
104,159,6
104,164,1
104,149,7
104,156,1
104,147,6
104,157,4
104,165,8
104,149,5
104,153,9
104,146,4
104,150,5
104,156,5
105,157,9
105,146,4
105,155,8
105,153,9
105,163,5
105,142,4
105,151,8
105,154,2
105,150,7
105,157,3
105,143,9
105,144,10
105,158,5
105,148,2
105,162,5
105,148,8
105,151,7
105,150,8
105,149,4
105,147,2
105,159,10
105,161,7
105,156,3
106,146,10
106,154,3
106,151,2
106,163,5
106,156,5
106,151,6
106,152,4
106,144,2
106,147,9
106,167,5
106,164,5
106,155,7
106,152,2
106,144,8
106,155,9
106,149,4
106,162,1
106,156,10
106,152,1
106,161,10
106,154,9
106,165,7
106,157,7
106,145,3
106,147,3
106,147,8
106,167,2
106,160,5
106,163,2
106,152,6
106,165,3
106,167,8
107,152,2
107,152,8
107,160,3
107,156,2
107,162,10
107,148,10
107,155,4
107,154,6
107,167,5
107,154,9
107,158,9
107,157,7
107,153,6
107,158,8
107,156,9
107,163,9
107,165,8
107,148,2
107,161,3
107,166,8
107,162,2
107,147,2
107,164,10
107,157,9
107,146,6
107,158,1
107,145,6
107,142,7
107,163,3
108,150,7
108,144,10
108,145,7
108,143,1
108,163,3
108,147,8
108,156,3
108,158,6
108,153,7
108,163,7
108,165,2
108,144,1
108,157,1
108,149,4
108,149,2
108,166,6
108,167,7
108,165,8
108,153,1
108,150,9
108,152,7
108,156,8
108,145,9
108,143,4
108,150,4
109,155,6
109,151,4
109,145,7
109,161,4
109,160,6
109,149,9
109,151,9
109,151,10
109,146,3
109,165,5
109,151,2
109,144,4
109,162,5
109,148,2
109,145,5
109,143,6
109,149,8
109,166,5
109,150,3
109,158,4
109,145,10
109,148,6
109,156,1
110,148,9
110,145,2
110,161,2
110,147,8
110,153,2
110,149,2
110,160,6
110,162,6
110,160,2
110,162,9
110,148,6
110,147,10
110,159,10
110,144,5
110,164,5
110,161,6
110,166,2
110,157,10
110,146,5
110,163,5
110,159,7
110,165,7
110,164,2
110,156,5
111,151,8
111,151,10
111,144,10
111,143,6
111,145,1
111,167,8
111,161,4
111,156,4
111,146,7
111,156,5
111,162,8
111,157,8
111,145,4
111,159,5
111,166,1
111,157,1
111,153,10
112,153,10
112,149,5
112,164,4
112,161,2
112,146,10
112,152,5
112,145,2
112,166,6
112,153,7
112,143,1
112,162,5
112,167,5
112,160,3
112,150,8
112,153,2
112,151,8
112,147,8
112,166,7
112,144,5
112,163,6
112,152,4
112,157,6
112,146,3
112,161,4
112,159,2
112,167,10
112,152,10
112,150,6
112,150,4
113,164,5
113,164,8
113,164,9
113,152,9
113,165,3
113,167,5
113,165,7
113,159,6
113,155,5
113,157,10
113,150,8
113,163,1
113,161,4
113,165,1
113,144,7
113,162,1
113,155,4
113,144,8
113,143,8
113,162,4
113,155,2
114,155,4
114,165,1
114,142,7
114,146,3
114,145,9
114,154,2
114,156,1
114,151,8
114,149,2
114,162,8
114,157,6
114,143,1
114,154,10
114,161,10
114,158,1
114,165,3
114,156,7
114,154,6
114,148,3
114,167,5
114,150,10
114,145,1
114,145,5
114,152,1
115,153,7
115,144,2
115,160,4
115,153,2
115,160,8
115,161,10
115,166,2
115,145,8
115,166,7
115,164,9
115,142,3
115,152,4
115,146,1
115,148,4
115,155,5
115,158,5
115,148,1
115,155,2
115,162,3
115,167,2
115,148,8
115,145,3
115,163,1
115,143,4
115,162,6
115,163,4
115,151,4
115,152,7
115,155,10
115,166,8
115,145,2
116,144,5
116,150,2
116,154,4
116,155,2
116,144,3
116,149,6
116,143,2
116,153,9
116,142,9
116,161,1
116,143,3
116,149,10
116,145,2
116,166,4
116,158,7
116,150,10
116,153,4
116,156,9
116,156,5
116,142,2
116,161,5
116,166,10
116,158,4
116,157,5
116,151,7
116,153,1
116,157,9
116,150,8
116,151,6
116,160,1
117,162,8
117,147,1
117,161,5
117,147,8
117,159,5
117,154,2
117,143,2
117,148,7
117,160,2
117,153,8
117,166,1
117,161,9
117,163,2
117,165,8
117,155,6
117,151,1
117,147,6
117,157,6
117,162,7
117,167,8
117,165,10
117,156,4
117,159,3
117,151,9
117,154,1
117,145,3
117,163,5
117,161,1
118,166,3
118,148,9
118,149,9
118,151,10
118,142,3
118,146,10
118,145,9
118,154,2
118,145,2
118,155,5
118,148,5
118,156,4
118,162,4
118,148,2
118,152,4
118,160,5
118,152,10
118,151,6
118,159,7
118,166,7
118,146,8
119,154,10
119,166,2
119,143,8
119,161,9
119,155,3
119,166,6
119,155,5
119,155,10
119,150,5
119,162,8
119,144,1
119,155,4
119,151,9
119,142,4
119,161,3
119,148,7
119,165,5
119,146,10
119,167,10
119,160,5
119,144,8
119,154,8
119,158,4
119,150,9
119,160,1
120,149,5
120,166,5
120,157,10
120,149,9
120,143,2
120,149,3
120,144,3
120,148,2
120,167,9
120,153,4
120,145,7
120,142,9
120,163,9
120,152,6
120,153,5
120,159,1
120,154,4
120,158,7
120,165,5
120,165,4
120,156,3
120,143,10
120,152,3
120,163,4
120,152,2
